day,station,week,period,in,out
30,rmgc,3,15,1,0
30,rmgc,3,16,17,10
30,rmgc,3,17,54,6
30,rmgc,3,18,88,20
30,rmgc,3,19,145,325
30,rmgc,3,20,192,533
30,rmgc,3,21,348,849
30,rmgc,3,22,410,1315
30,rmgc,3,23,469,1936
30,rmgc,3,24,669,3222
30,rmgc,3,25,786,6230
30,rmgc,3,26,829,8858
30,rmgc,3,27,764,11094
30,rmgc,3,28,800,7783
30,rmgc,3,29,726,5114
30,rmgc,3,30,752,3315
30,rmgc,3,31,750,2367
30,rmgc,3,32,861,2051
30,rmgc,3,33,875,1992
30,rmgc,3,34,956,1787
30,rmgc,3,35,1039,1653
30,rmgc,3,36,1175,1721
30,rmgc,3,37,1345,1527
30,rmgc,3,38,1411,1787
30,rmgc,3,39,1403,1636
30,rmgc,3,40,1573,1788
30,rmgc,3,41,1643,1712
30,rmgc,3,42,1638,1736
30,rmgc,3,43,1771,1697
30,rmgc,3,44,1648,1592
30,rmgc,3,45,1754,1436
30,rmgc,3,46,1841,1382
30,rmgc,3,47,1928,1434
30,rmgc,3,48,2102,1365
30,rmgc,3,49,2271,1391
30,rmgc,3,50,2395,1399
30,rmgc,3,51,2699,1453
30,rmgc,3,52,4181,1638
30,rmgc,3,53,5191,2119
30,rmgc,3,54,7018,2597
30,rmgc,3,55,7304,2916
30,rmgc,3,56,6289,2922
30,rmgc,3,57,4398,2777
30,rmgc,3,58,3513,1815
30,rmgc,3,59,2889,1133
30,rmgc,3,60,2608,908
30,rmgc,3,61,2839,643
30,rmgc,3,62,2764,552
30,rmgc,3,63,2792,398
30,rmgc,3,64,3409,424
30,rmgc,3,65,2930,439
30,rmgc,3,66,2565,335
30,rmgc,3,67,3563,318
30,rmgc,3,68,963,292
30,rmgc,3,69,411,220
30,rmgc,3,70,32,208
30,rmgc,3,71,1,64
30,rmgc,3,72,0,4
30,rmgc,4,15,4,0
30,rmgc,4,16,18,3
30,rmgc,4,17,66,8
30,rmgc,4,18,99,29
30,rmgc,4,19,146,277
30,rmgc,4,20,201,453
30,rmgc,4,21,324,902
30,rmgc,4,22,385,1436
30,rmgc,4,23,465,2041
30,rmgc,4,24,618,3056
30,rmgc,4,25,829,6384
30,rmgc,4,26,798,8576
30,rmgc,4,27,734,11390
30,rmgc,4,28,750,7469
30,rmgc,4,29,686,4719
30,rmgc,4,30,687,3475
30,rmgc,4,31,688,2319
30,rmgc,4,32,887,2098
30,rmgc,4,33,910,1867
30,rmgc,4,34,931,1736
30,rmgc,4,35,971,1614
30,rmgc,4,36,1115,1725
30,rmgc,4,37,1235,1605
30,rmgc,4,38,1370,1671
30,rmgc,4,39,1446,1882
30,rmgc,4,40,1661,1849
30,rmgc,4,41,1580,1749
30,rmgc,4,42,1626,1842
30,rmgc,4,43,1683,1615
30,rmgc,4,44,1689,1515
30,rmgc,4,45,1807,1440
30,rmgc,4,46,1875,1351
30,rmgc,4,47,1895,1425
30,rmgc,4,48,1959,1370
30,rmgc,4,49,2225,1496
30,rmgc,4,50,2499,1343
30,rmgc,4,51,2982,1605
30,rmgc,4,52,4159,1703
30,rmgc,4,53,5424,2022
30,rmgc,4,54,7010,2464
30,rmgc,4,55,7139,2882
30,rmgc,4,56,6208,2876
30,rmgc,4,57,4432,2479
30,rmgc,4,58,3592,1510
30,rmgc,4,59,2863,1043
30,rmgc,4,60,2590,818
30,rmgc,4,61,2822,577
30,rmgc,4,62,2868,480
30,rmgc,4,63,2873,446
30,rmgc,4,64,3173,413
30,rmgc,4,65,3073,332
30,rmgc,4,66,2444,296
30,rmgc,4,67,3571,280
30,rmgc,4,68,888,272
30,rmgc,4,69,441,185
30,rmgc,4,70,34,183
30,rmgc,4,71,1,43
30,rmgc,4,72,0,59
30,rmgc,5,15,3,0
30,rmgc,5,16,26,2
30,rmgc,5,17,46,14
30,rmgc,5,18,81,18
30,rmgc,5,19,152,234
30,rmgc,5,20,219,448
30,rmgc,5,21,314,814
30,rmgc,5,22,349,1192
30,rmgc,5,23,475,1905
30,rmgc,5,24,600,3006
30,rmgc,5,25,759,5928
30,rmgc,5,26,766,8616
30,rmgc,5,27,725,10793
30,rmgc,5,28,766,7683
30,rmgc,5,29,666,4870
30,rmgc,5,30,736,3380
30,rmgc,5,31,747,2265
30,rmgc,5,32,845,2017
30,rmgc,5,33,927,1993
30,rmgc,5,34,1057,1850
30,rmgc,5,35,1101,1746
30,rmgc,5,36,1372,1874
30,rmgc,5,37,1506,1946
30,rmgc,5,38,1564,1912
30,rmgc,5,39,1676,1969
30,rmgc,5,40,1912,2051
30,rmgc,5,41,1937,2054
30,rmgc,5,42,1975,2060
30,rmgc,5,43,2106,1932
30,rmgc,5,44,2323,1865
30,rmgc,5,45,2262,1885
30,rmgc,5,46,2464,1781
30,rmgc,5,47,2445,1765
30,rmgc,5,48,2483,1853
30,rmgc,5,49,2677,1832
30,rmgc,5,50,2652,1875
30,rmgc,5,51,3193,1959
30,rmgc,5,52,4683,2206
30,rmgc,5,53,4940,2980
30,rmgc,5,54,7007,3336
30,rmgc,5,55,7009,3720
30,rmgc,5,56,6724,4181
30,rmgc,5,57,4460,3922
30,rmgc,5,58,3690,2814
30,rmgc,5,59,3140,1636
30,rmgc,5,60,2718,1239
30,rmgc,5,61,3175,861
30,rmgc,5,62,3099,751
30,rmgc,5,63,3598,652
30,rmgc,5,64,4321,538
30,rmgc,5,65,4004,522
30,rmgc,5,66,3726,444
30,rmgc,5,67,4728,408
30,rmgc,5,68,1711,366
30,rmgc,5,69,712,237
30,rmgc,5,70,92,311
30,rmgc,5,71,1,79
30,rmgc,5,72,0,79
30,rmgc,6,15,6,1
30,rmgc,6,16,27,3
30,rmgc,6,17,95,28
30,rmgc,6,18,157,81
30,rmgc,6,19,225,1067
30,rmgc,6,20,186,1296
30,rmgc,6,21,239,937
30,rmgc,6,22,271,721
30,rmgc,6,23,294,911
30,rmgc,6,24,377,909
30,rmgc,6,25,410,1317
30,rmgc,6,26,473,1796
30,rmgc,6,27,445,2831
30,rmgc,6,28,510,2635
30,rmgc,6,29,548,2415
30,rmgc,6,30,577,2630
30,rmgc,6,31,670,2723
30,rmgc,6,32,668,2988
30,rmgc,6,33,776,3499
30,rmgc,6,34,791,3499
30,rmgc,6,35,930,3606
30,rmgc,6,36,1122,3453
30,rmgc,6,37,1191,3491
30,rmgc,6,38,1441,3260
30,rmgc,6,39,1564,3640
30,rmgc,6,40,1737,3488
30,rmgc,6,41,1910,3804
30,rmgc,6,42,2198,3764
30,rmgc,6,43,2292,3620
30,rmgc,6,44,2700,3692
30,rmgc,6,45,2887,3370
30,rmgc,6,46,2826,3194
30,rmgc,6,47,3037,2976
30,rmgc,6,48,3240,2762
30,rmgc,6,49,3529,2524
30,rmgc,6,50,3706,2478
30,rmgc,6,51,3686,2475
30,rmgc,6,52,3858,2440
30,rmgc,6,53,3436,2387
30,rmgc,6,54,3434,2269
30,rmgc,6,55,3690,2057
30,rmgc,6,56,3003,1905
30,rmgc,6,57,2498,1750
30,rmgc,6,58,2762,1435
30,rmgc,6,59,2743,1082
30,rmgc,6,60,2708,960
30,rmgc,6,61,3029,773
30,rmgc,6,62,2952,659
30,rmgc,6,63,2999,596
30,rmgc,6,64,3617,469
30,rmgc,6,65,3201,395
30,rmgc,6,66,2707,293
30,rmgc,6,67,3819,321
30,rmgc,6,68,1359,279
30,rmgc,6,69,607,200
30,rmgc,6,70,24,222
30,rmgc,6,71,0,47
30,rmgc,6,72,0,31
30,rmgc,7,15,7,1
30,rmgc,7,16,65,3
30,rmgc,7,17,149,5
30,rmgc,7,18,197,30
30,rmgc,7,19,254,423
30,rmgc,7,20,240,603
30,rmgc,7,21,222,589
30,rmgc,7,22,314,558
30,rmgc,7,23,303,649
30,rmgc,7,24,303,596
30,rmgc,7,25,342,800
30,rmgc,7,26,395,1314
30,rmgc,7,27,369,2298
30,rmgc,7,28,391,2023
30,rmgc,7,29,487,1849
30,rmgc,7,30,414,2102
30,rmgc,7,31,427,2218
30,rmgc,7,32,488,2624
30,rmgc,7,33,571,2948
30,rmgc,7,34,595,3293
30,rmgc,7,35,752,3354
30,rmgc,7,36,882,3257
30,rmgc,7,37,983,3119
30,rmgc,7,38,1165,3046
30,rmgc,7,39,1166,3293
30,rmgc,7,40,1474,3415
30,rmgc,7,41,1833,3770
30,rmgc,7,42,1816,3825
30,rmgc,7,43,2241,3764
30,rmgc,7,44,2425,3532
30,rmgc,7,45,2521,3337
30,rmgc,7,46,2783,2914
30,rmgc,7,47,2751,2754
30,rmgc,7,48,3112,2495
30,rmgc,7,49,3581,2268
30,rmgc,7,50,3574,2275
30,rmgc,7,51,3514,2165
30,rmgc,7,52,4006,2035
30,rmgc,7,53,3528,1946
30,rmgc,7,54,3256,1839
30,rmgc,7,55,3054,1660
30,rmgc,7,56,2878,1423
30,rmgc,7,57,2736,1377
30,rmgc,7,58,3071,1227
30,rmgc,7,59,2932,988
30,rmgc,7,60,2926,788
30,rmgc,7,61,2935,682
30,rmgc,7,62,2599,607
30,rmgc,7,63,2661,450
30,rmgc,7,64,2827,385
30,rmgc,7,65,2340,299
30,rmgc,7,66,2228,270
30,rmgc,7,67,3505,301
30,rmgc,7,68,934,245
30,rmgc,7,69,414,181
30,rmgc,7,70,21,332
30,rmgc,7,71,0,82
30,rmgc,7,72,0,30
30,rmgc,1,15,1,0
30,rmgc,1,16,16,1
30,rmgc,1,17,47,12
30,rmgc,1,18,69,18
30,rmgc,1,19,120,283
30,rmgc,1,20,101,366
30,rmgc,1,21,118,374
30,rmgc,1,22,202,405
30,rmgc,1,23,171,578
30,rmgc,1,24,198,739
30,rmgc,1,25,282,981
30,rmgc,1,26,287,1506
30,rmgc,1,27,280,2364
30,rmgc,1,28,307,2030
30,rmgc,1,29,319,1713
30,rmgc,1,30,364,1926
30,rmgc,1,31,416,1845
30,rmgc,1,32,480,2022
30,rmgc,1,33,533,2426
30,rmgc,1,34,614,2569
30,rmgc,1,35,748,2756
30,rmgc,1,36,788,2491
30,rmgc,1,37,950,2547
30,rmgc,1,38,1101,2451
30,rmgc,1,39,1141,2611
30,rmgc,1,40,1377,2738
30,rmgc,1,41,1619,2905
30,rmgc,1,42,1740,3090
30,rmgc,1,43,2028,3056
30,rmgc,1,44,2336,2798
30,rmgc,1,45,2457,2571
30,rmgc,1,46,3002,2577
30,rmgc,1,47,2745,2155
30,rmgc,1,48,3040,2096
30,rmgc,1,49,2965,1736
30,rmgc,1,50,2924,1774
30,rmgc,1,51,3030,1813
30,rmgc,1,52,3017,1797
30,rmgc,1,53,2909,1703
30,rmgc,1,54,2579,1461
30,rmgc,1,55,2427,1392
30,rmgc,1,56,2354,1595
30,rmgc,1,57,2212,1193
30,rmgc,1,58,1844,840
30,rmgc,1,59,2291,831
30,rmgc,1,60,2162,681
30,rmgc,1,61,2346,530
30,rmgc,1,62,2089,528
30,rmgc,1,63,1996,382
30,rmgc,1,64,1937,327
30,rmgc,1,65,1569,270
30,rmgc,1,66,1483,303
30,rmgc,1,67,3008,231
30,rmgc,1,68,606,269
30,rmgc,1,69,264,252
30,rmgc,1,70,35,469
30,rmgc,1,71,3,394
30,rmgc,1,72,0,0
30,rmgc,2,15,1,0
30,rmgc,2,16,7,3
30,rmgc,2,17,43,11
30,rmgc,2,18,110,51
30,rmgc,2,19,168,684
30,rmgc,2,20,205,781
30,rmgc,2,21,330,1000
30,rmgc,2,22,398,1451
30,rmgc,2,23,481,2152
30,rmgc,2,24,581,3288
30,rmgc,2,25,792,6101
30,rmgc,2,26,734,8558
30,rmgc,2,27,716,11553
30,rmgc,2,28,716,8018
30,rmgc,2,29,618,4694
30,rmgc,2,30,583,3169
30,rmgc,2,31,688,2003
30,rmgc,2,32,681,1805
30,rmgc,2,33,748,1679
30,rmgc,2,34,790,1480
30,rmgc,2,35,938,1620
30,rmgc,2,36,1000,1564
30,rmgc,2,37,1039,1414
30,rmgc,2,38,1146,1486
30,rmgc,2,39,1229,1576
30,rmgc,2,40,1404,1556
30,rmgc,2,41,1399,1622
30,rmgc,2,42,1432,1474
30,rmgc,2,43,1466,1407
30,rmgc,2,44,1536,1253
30,rmgc,2,45,1530,1236
30,rmgc,2,46,1686,1054
30,rmgc,2,47,1680,1196
30,rmgc,2,48,1839,1115
30,rmgc,2,49,2046,1022
30,rmgc,2,50,2127,1120
30,rmgc,2,51,2413,1129
30,rmgc,2,52,4243,1324
30,rmgc,2,53,4858,1647
30,rmgc,2,54,7243,1774
30,rmgc,2,55,7290,2043
30,rmgc,2,56,6630,2173
30,rmgc,2,57,4507,1924
30,rmgc,2,58,3410,1249
30,rmgc,2,59,2742,938
30,rmgc,2,60,2312,647
30,rmgc,2,61,2399,451
30,rmgc,2,62,2338,445
30,rmgc,2,63,2117,349
30,rmgc,2,64,2263,338
30,rmgc,2,65,1948,290
30,rmgc,2,66,1709,264
30,rmgc,2,67,3137,224
30,rmgc,2,68,648,257
30,rmgc,2,69,272,167
30,rmgc,2,70,25,207
30,rmgc,2,71,0,77
30,rmgc,2,72,0,62
30,rmgc,3,15,3,1
30,rmgc,3,16,5,7
30,rmgc,3,17,54,18
30,rmgc,3,18,66,32
30,rmgc,3,19,129,412
30,rmgc,3,20,181,610
30,rmgc,3,21,322,864
30,rmgc,3,22,419,1379
30,rmgc,3,23,468,1980
30,rmgc,3,24,624,3423
30,rmgc,3,25,780,5940
30,rmgc,3,26,819,8824
30,rmgc,3,27,714,11543
30,rmgc,3,28,772,7999
30,rmgc,3,29,673,5218
30,rmgc,3,30,759,3277
30,rmgc,3,31,768,2446
30,rmgc,3,32,825,2154
30,rmgc,3,33,851,1992
30,rmgc,3,34,949,1870
30,rmgc,3,35,959,1749
30,rmgc,3,36,1152,1849
30,rmgc,3,37,1255,1629
30,rmgc,3,38,1364,1743
30,rmgc,3,39,1579,1988
30,rmgc,3,40,1567,2014
30,rmgc,3,41,1657,1830
30,rmgc,3,42,1681,1889
30,rmgc,3,43,1851,1749
30,rmgc,3,44,1798,1739
30,rmgc,3,45,1943,1521
30,rmgc,3,46,2173,1461
30,rmgc,3,47,2231,1529
30,rmgc,3,48,2275,1435
30,rmgc,3,49,2506,1423
30,rmgc,3,50,2411,1394
30,rmgc,3,51,2907,1399
30,rmgc,3,52,4382,1631
30,rmgc,3,53,4990,2111
30,rmgc,3,54,6991,2411
30,rmgc,3,55,7507,2672
30,rmgc,3,56,6434,2599
30,rmgc,3,57,4489,2487
30,rmgc,3,58,3580,1511
30,rmgc,3,59,2932,1222
30,rmgc,3,60,2485,847
30,rmgc,3,61,2791,678
30,rmgc,3,62,2910,531
30,rmgc,3,63,2971,464
30,rmgc,3,64,3129,421
30,rmgc,3,65,2611,406
30,rmgc,3,66,2390,354
30,rmgc,3,67,3768,275
30,rmgc,3,68,922,243
30,rmgc,3,69,368,176
30,rmgc,3,70,34,200
30,rmgc,3,71,0,54
30,rmgc,3,72,0,63
30,rmgc,4,15,0,0
30,rmgc,4,16,11,5
30,rmgc,4,17,48,4
30,rmgc,4,18,97,30
30,rmgc,4,19,124,394
30,rmgc,4,20,207,606
30,rmgc,4,21,295,921
30,rmgc,4,22,397,1313
30,rmgc,4,23,472,2024
30,rmgc,4,24,554,3323
30,rmgc,4,25,730,5851
30,rmgc,4,26,787,8902
30,rmgc,4,27,775,11431
30,rmgc,4,28,723,7797
30,rmgc,4,29,645,5049
30,rmgc,4,30,761,3688
30,rmgc,4,31,755,2337
30,rmgc,4,32,821,2243
30,rmgc,4,33,914,1972
30,rmgc,4,34,967,1857
30,rmgc,4,35,1066,1778
30,rmgc,4,36,1210,1841
30,rmgc,4,37,1248,1724
30,rmgc,4,38,1388,1831
30,rmgc,4,39,1519,1712
30,rmgc,4,40,1693,1831
30,rmgc,4,41,1670,1864
30,rmgc,4,42,1783,1858
30,rmgc,4,43,1822,1723
30,rmgc,4,44,1785,1717
30,rmgc,4,45,2057,1464
30,rmgc,4,46,2218,1467
30,rmgc,4,47,2424,1527
30,rmgc,4,48,2395,1502
30,rmgc,4,49,2591,1445
30,rmgc,4,50,2501,1415
30,rmgc,4,51,2753,1389
30,rmgc,4,52,4246,1791
30,rmgc,4,53,4906,2002
30,rmgc,4,54,7065,2466
30,rmgc,4,55,7050,2722
30,rmgc,4,56,6346,2782
30,rmgc,4,57,4468,2241
30,rmgc,4,58,3441,1539
30,rmgc,4,59,3003,1023
30,rmgc,4,60,2684,776
30,rmgc,4,61,2741,592
30,rmgc,4,62,2721,546
30,rmgc,4,63,2972,454
30,rmgc,4,64,3249,366
30,rmgc,4,65,2680,362
30,rmgc,4,66,2802,316
30,rmgc,4,67,3545,297
30,rmgc,4,68,965,233
30,rmgc,4,69,371,185
30,rmgc,4,70,40,215
30,rmgc,4,71,1,66
30,rmgc,4,72,0,42
30,rmgc,5,15,0,0
30,rmgc,5,16,17,5
30,rmgc,5,17,49,16
30,rmgc,5,18,82,57
30,rmgc,5,19,131,1233
30,rmgc,5,20,185,1047
30,rmgc,5,21,334,1084
30,rmgc,5,22,427,1405
30,rmgc,5,23,479,1912
30,rmgc,5,24,599,3032
30,rmgc,5,25,784,5876
30,rmgc,5,26,804,8648
30,rmgc,5,27,734,11788
30,rmgc,5,28,765,7490
30,rmgc,5,29,773,4902
30,rmgc,5,30,780,3754
30,rmgc,5,31,813,2548
30,rmgc,5,32,897,2245
30,rmgc,5,33,877,2147
30,rmgc,5,34,1085,1919
30,rmgc,5,35,1114,1902
30,rmgc,5,36,1364,1914
30,rmgc,5,37,1407,1859
30,rmgc,5,38,1627,2052
30,rmgc,5,39,1639,2168
30,rmgc,5,40,1739,1977
30,rmgc,5,41,1996,2065
30,rmgc,5,42,1956,1998
30,rmgc,5,43,2036,1914
30,rmgc,5,44,2221,1889
30,rmgc,5,45,2329,1998
30,rmgc,5,46,2362,1914
30,rmgc,5,47,2450,1900
30,rmgc,5,48,2533,1879
30,rmgc,5,49,2797,1899
30,rmgc,5,50,2884,2052
30,rmgc,5,51,3125,2079
30,rmgc,5,52,4304,2496
30,rmgc,5,53,4969,3080
30,rmgc,5,54,7046,3322
30,rmgc,5,55,7047,3981
30,rmgc,5,56,6594,4032
30,rmgc,5,57,4860,3934
30,rmgc,5,58,3962,2665
30,rmgc,5,59,3432,1867
30,rmgc,5,60,3029,1260
30,rmgc,5,61,3166,1017
30,rmgc,5,62,3454,790
30,rmgc,5,63,3744,646
30,rmgc,5,64,4660,624
30,rmgc,5,65,4407,616
30,rmgc,5,66,4369,480
30,rmgc,5,67,4997,458
30,rmgc,5,68,1742,402
30,rmgc,5,69,787,299
30,rmgc,5,70,96,364
30,rmgc,5,71,0,67
30,rmgc,5,72,0,80
30,rmgc,6,15,1,0
30,rmgc,6,16,29,7
30,rmgc,6,17,76,17
30,rmgc,6,18,110,81
30,rmgc,6,19,166,1066
30,rmgc,6,20,175,1346
30,rmgc,6,21,225,1369
30,rmgc,6,22,251,1266
30,rmgc,6,23,294,1344
30,rmgc,6,24,326,1565
30,rmgc,6,25,410,2200
30,rmgc,6,26,462,2741
30,rmgc,6,27,474,3706
30,rmgc,6,28,576,3189
30,rmgc,6,29,595,2725
30,rmgc,6,30,642,3198
30,rmgc,6,31,824,2931
30,rmgc,6,32,805,3317
30,rmgc,6,33,866,3809
30,rmgc,6,34,966,3575
30,rmgc,6,35,1082,3614
30,rmgc,6,36,1370,3559
30,rmgc,6,37,1536,3302
30,rmgc,6,38,1701,3526
30,rmgc,6,39,1861,3633
30,rmgc,6,40,1972,3828
30,rmgc,6,41,2381,3543
30,rmgc,6,42,2421,4008
30,rmgc,6,43,2693,3910
30,rmgc,6,44,2863,3707
30,rmgc,6,45,3138,3599
30,rmgc,6,46,3526,3213
30,rmgc,6,47,3558,3159
30,rmgc,6,48,3720,2980
30,rmgc,6,49,3959,2568
30,rmgc,6,50,4286,2778
30,rmgc,6,51,4192,3212
30,rmgc,6,52,4335,3177
30,rmgc,6,53,4157,3405
30,rmgc,6,54,4095,3012
30,rmgc,6,55,3960,2620
30,rmgc,6,56,3581,2281
30,rmgc,6,57,3062,2059
30,rmgc,6,58,3132,1616
30,rmgc,6,59,2957,1328
30,rmgc,6,60,2961,1045
30,rmgc,6,61,3492,877
30,rmgc,6,62,3903,710
30,rmgc,6,63,3786,655
30,rmgc,6,64,4348,596
30,rmgc,6,65,3910,528
30,rmgc,6,66,3642,465
30,rmgc,6,67,4550,432
30,rmgc,6,68,1335,389
30,rmgc,6,69,692,331
30,rmgc,6,70,64,407
30,rmgc,6,71,1,58
30,rmgc,6,72,0,41
30,rmgc,7,15,2,0
30,rmgc,7,16,11,3
30,rmgc,7,17,52,14
30,rmgc,7,18,80,14
30,rmgc,7,19,123,351
30,rmgc,7,20,113,471
30,rmgc,7,21,151,550
30,rmgc,7,22,222,700
30,rmgc,7,23,251,933
30,rmgc,7,24,266,1033
30,rmgc,7,25,341,1440
30,rmgc,7,26,405,2074
30,rmgc,7,27,430,2976
30,rmgc,7,28,513,2756
30,rmgc,7,29,514,2737
30,rmgc,7,30,672,3039
30,rmgc,7,31,657,2727
30,rmgc,7,32,719,2993
30,rmgc,7,33,803,3570
30,rmgc,7,34,985,3382
30,rmgc,7,35,1135,3349
30,rmgc,7,36,1210,3342
30,rmgc,7,37,1559,3048
30,rmgc,7,38,1593,3207
30,rmgc,7,39,1630,3494
30,rmgc,7,40,1870,3179
30,rmgc,7,41,2096,2896
30,rmgc,7,42,2184,4282
30,rmgc,7,43,2489,3761
30,rmgc,7,44,2737,3327
30,rmgc,7,45,2950,3400
30,rmgc,7,46,3430,2949
30,rmgc,7,47,3621,2764
30,rmgc,7,48,3517,2752
30,rmgc,7,49,3961,2513
30,rmgc,7,50,3936,2330
30,rmgc,7,51,3892,2568
30,rmgc,7,52,4316,2580
30,rmgc,7,53,3829,2551
30,rmgc,7,54,3688,2282
30,rmgc,7,55,4158,1987
30,rmgc,7,56,3382,2030
30,rmgc,7,57,3036,1764
30,rmgc,7,58,3123,1490
30,rmgc,7,59,2860,1156
30,rmgc,7,60,2876,991
30,rmgc,7,61,3288,712
30,rmgc,7,62,3238,681
30,rmgc,7,63,3009,503
30,rmgc,7,64,3651,449
30,rmgc,7,65,2733,392
30,rmgc,7,66,2559,344
30,rmgc,7,67,3612,344
30,rmgc,7,68,856,266
30,rmgc,7,69,370,238
30,rmgc,7,70,21,363
30,rmgc,7,71,0,101
30,rmgc,7,72,0,119
30,rmgc,1,15,0,0
30,rmgc,1,16,16,4
30,rmgc,1,17,63,24
30,rmgc,1,18,86,47
30,rmgc,1,19,133,826
30,rmgc,1,20,235,801
30,rmgc,1,21,331,940
30,rmgc,1,22,416,1419
30,rmgc,1,23,509,2101
30,rmgc,1,24,614,3300
30,rmgc,1,25,707,6092
30,rmgc,1,26,819,9102
30,rmgc,1,27,739,11558
30,rmgc,1,28,776,8057
30,rmgc,1,29,646,5129
30,rmgc,1,30,663,3383
30,rmgc,1,31,730,2205
30,rmgc,1,32,753,2129
30,rmgc,1,33,863,1884
30,rmgc,1,34,880,1575
30,rmgc,1,35,893,1543
30,rmgc,1,36,980,1591
30,rmgc,1,37,1252,1513
30,rmgc,1,38,1311,1600
30,rmgc,1,39,1316,1671
30,rmgc,1,40,1396,1713
30,rmgc,1,41,1806,1747
30,rmgc,1,42,1757,1685
30,rmgc,1,43,1655,1607
30,rmgc,1,44,1566,1336
30,rmgc,1,45,1668,1312
30,rmgc,1,46,1870,1322
30,rmgc,1,47,1847,1414
30,rmgc,1,48,1953,1270
30,rmgc,1,49,2205,1174
30,rmgc,1,50,2221,1162
30,rmgc,1,51,2745,1319
30,rmgc,1,52,4284,1459
30,rmgc,1,53,4827,1675
30,rmgc,1,54,6948,2069
30,rmgc,1,55,7184,2284
30,rmgc,1,56,6597,2396
30,rmgc,1,57,4589,2121
30,rmgc,1,58,3580,1351
30,rmgc,1,59,2816,991
30,rmgc,1,60,2381,783
30,rmgc,1,61,2557,576
30,rmgc,1,62,2414,514
30,rmgc,1,63,2351,406
30,rmgc,1,64,2687,375
30,rmgc,1,65,2388,330
30,rmgc,1,66,2071,298
30,rmgc,1,67,3379,256
30,rmgc,1,68,735,239
30,rmgc,1,69,301,144
30,rmgc,1,70,24,133
30,rmgc,1,71,2,30
30,rmgc,1,72,0,23
30,rmgc,2,15,0,0
30,rmgc,2,16,17,5
30,rmgc,2,17,48,9
30,rmgc,2,18,71,56
30,rmgc,2,19,132,887
30,rmgc,2,20,186,811
30,rmgc,2,21,289,883
30,rmgc,2,22,398,1335
30,rmgc,2,23,483,1970
30,rmgc,2,24,604,3159
30,rmgc,2,25,705,5977
30,rmgc,2,26,780,8791
30,rmgc,2,27,712,11977
30,rmgc,2,28,750,7663
30,rmgc,2,29,718,5186
30,rmgc,2,30,701,3425
30,rmgc,2,31,729,2365
30,rmgc,2,32,817,2097
30,rmgc,2,33,860,1906
30,rmgc,2,34,933,1797
30,rmgc,2,35,929,1587
30,rmgc,2,36,1083,1603
30,rmgc,2,37,1121,1622
30,rmgc,2,38,1275,1637
30,rmgc,2,39,1395,1831
30,rmgc,2,40,1521,1757
30,rmgc,2,41,1509,1825
30,rmgc,2,42,1556,1786
30,rmgc,2,43,1632,1635
30,rmgc,2,44,1645,1510
30,rmgc,2,45,1735,1483
30,rmgc,2,46,1865,1386
30,rmgc,2,47,2054,1439
30,rmgc,2,48,2050,1395
30,rmgc,2,49,2311,1332
30,rmgc,2,50,2290,1298
30,rmgc,2,51,2891,1413
30,rmgc,2,52,4226,1667
30,rmgc,2,53,5100,2003
30,rmgc,2,54,7003,2089
30,rmgc,2,55,7079,2682
30,rmgc,2,56,6497,2721
30,rmgc,2,57,4419,2283
30,rmgc,2,58,3542,1520
30,rmgc,2,59,2733,1107
30,rmgc,2,60,2440,775
30,rmgc,2,61,2673,603
30,rmgc,2,62,2597,534
30,rmgc,2,63,2568,434
30,rmgc,2,64,3243,428
30,rmgc,2,65,2746,398
30,rmgc,2,66,2412,304
30,rmgc,2,67,3498,291
30,rmgc,2,68,986,273
30,rmgc,2,69,441,209
30,rmgc,2,70,52,208
30,rmgc,2,71,2,38
30,rmgc,2,72,0,22
30,rmgc,3,15,4,0
30,rmgc,3,16,22,2
30,rmgc,3,17,50,10
30,rmgc,3,18,78,42
30,rmgc,3,19,135,538
30,rmgc,3,20,187,702
30,rmgc,3,21,318,970
30,rmgc,3,22,431,1373
30,rmgc,3,23,434,2107
30,rmgc,3,24,635,3428
30,rmgc,3,25,823,6241
30,rmgc,3,26,780,9170
30,rmgc,3,27,729,10991
30,rmgc,3,28,754,8169
30,rmgc,3,29,743,5192
30,rmgc,3,30,768,3880
30,rmgc,3,31,804,2560
30,rmgc,3,32,853,2474
30,rmgc,3,33,964,2200
30,rmgc,3,34,1000,1986
30,rmgc,3,35,1145,1803
30,rmgc,3,36,1145,1837
30,rmgc,3,37,1305,1707
30,rmgc,3,38,1488,1824
30,rmgc,3,39,1564,1969
30,rmgc,3,40,1735,1851
30,rmgc,3,41,1764,1972
30,rmgc,3,42,1816,1996
30,rmgc,3,43,1981,1662
30,rmgc,3,44,1870,1640
30,rmgc,3,45,1912,1563
30,rmgc,3,46,2157,1542
30,rmgc,3,47,2285,1560
30,rmgc,3,48,2434,1588
30,rmgc,3,49,2597,1405
30,rmgc,3,50,2735,1437
30,rmgc,3,51,3008,1461
30,rmgc,3,52,4515,1705
30,rmgc,3,53,5018,2250
30,rmgc,3,54,7257,2381
30,rmgc,3,55,7170,2885
30,rmgc,3,56,6549,2913
30,rmgc,3,57,4588,2565
30,rmgc,3,58,3542,1695
30,rmgc,3,59,2811,1185
30,rmgc,3,60,2550,809
30,rmgc,3,61,2897,574
30,rmgc,3,62,2914,545
30,rmgc,3,63,2869,516
30,rmgc,3,64,3692,458
30,rmgc,3,65,2862,366
30,rmgc,3,66,2443,371
30,rmgc,3,67,3641,307
30,rmgc,3,68,1192,293
30,rmgc,3,69,493,213
30,rmgc,3,70,57,190
30,rmgc,3,71,1,55
30,rmgc,3,72,0,26
30,rmgc,4,15,2,0
30,rmgc,4,16,15,2
30,rmgc,4,17,46,9
30,rmgc,4,18,89,20
30,rmgc,4,19,159,449
30,rmgc,4,20,201,582
30,rmgc,4,21,296,990
30,rmgc,4,22,399,1421
30,rmgc,4,23,484,1982
30,rmgc,4,24,562,3107
30,rmgc,4,25,801,5847
30,rmgc,4,26,804,8733
30,rmgc,4,27,737,11431
30,rmgc,4,28,764,7671
30,rmgc,4,29,749,4940
30,rmgc,4,30,740,3703
30,rmgc,4,31,789,2418
30,rmgc,4,32,764,2135
30,rmgc,4,33,869,2156
30,rmgc,4,34,983,1816
30,rmgc,4,35,1090,1765
30,rmgc,4,36,1102,1759
30,rmgc,4,37,1337,1627
30,rmgc,4,38,1353,1757
30,rmgc,4,39,1472,1842
30,rmgc,4,40,1583,1779
30,rmgc,4,41,1620,1821
30,rmgc,4,42,1686,1853
30,rmgc,4,43,1926,1708
30,rmgc,4,44,1905,1542
30,rmgc,4,45,2125,1471
30,rmgc,4,46,2000,1553
30,rmgc,4,47,2217,1499
30,rmgc,4,48,2208,1416
30,rmgc,4,49,2339,1391
30,rmgc,4,50,2492,1361
30,rmgc,4,51,2802,1507
30,rmgc,4,52,4301,1654
30,rmgc,4,53,5025,2142
30,rmgc,4,54,7007,2403
30,rmgc,4,55,7204,2919
30,rmgc,4,56,6393,2858
30,rmgc,4,57,4394,2517
30,rmgc,4,58,3552,1788
30,rmgc,4,59,2742,1173
30,rmgc,4,60,2621,843
30,rmgc,4,61,2906,659
30,rmgc,4,62,2923,568
30,rmgc,4,63,2927,472
30,rmgc,4,64,3439,413
30,rmgc,4,65,3133,387
30,rmgc,4,66,2549,310
30,rmgc,4,67,3763,302
30,rmgc,4,68,1030,234
30,rmgc,4,69,483,223
30,rmgc,4,70,54,242
30,rmgc,4,71,1,44
30,rmgc,4,72,0,34
30,rmgc,5,15,3,0
30,rmgc,5,16,14,7
30,rmgc,5,17,49,10
30,rmgc,5,18,87,94
30,rmgc,5,19,138,1500
30,rmgc,5,20,222,1334
30,rmgc,5,21,306,1184
30,rmgc,5,22,367,1400
30,rmgc,5,23,460,2048
30,rmgc,5,24,601,3248
30,rmgc,5,25,766,5955
30,rmgc,5,26,809,8910
30,rmgc,5,27,720,11179
30,rmgc,5,28,764,7691
30,rmgc,5,29,721,4866
30,rmgc,5,30,767,3701
30,rmgc,5,31,806,2531
30,rmgc,5,32,842,2239
30,rmgc,5,33,949,2237
30,rmgc,5,34,1125,1860
30,rmgc,5,35,1186,1886
30,rmgc,5,36,1238,1902
30,rmgc,5,37,1363,1911
30,rmgc,5,38,1579,1902
30,rmgc,5,39,1665,2078
30,rmgc,5,40,1889,2062
30,rmgc,5,41,1832,2028
30,rmgc,5,42,2020,2015
30,rmgc,5,43,2120,1948
30,rmgc,5,44,2260,1942
30,rmgc,5,45,2414,1825
30,rmgc,5,46,2322,1768
30,rmgc,5,47,2551,1799
30,rmgc,5,48,2559,1951
30,rmgc,5,49,2781,1801
30,rmgc,5,50,2974,1922
30,rmgc,5,51,3157,2060
30,rmgc,5,52,4453,2380
30,rmgc,5,53,4983,3009
30,rmgc,5,54,6877,3300
30,rmgc,5,55,7315,3856
30,rmgc,5,56,6286,4321
30,rmgc,5,57,4574,3907
30,rmgc,5,58,3987,2523
30,rmgc,5,59,3359,1701
30,rmgc,5,60,2904,1200
30,rmgc,5,61,3186,1012
30,rmgc,5,62,3295,833
30,rmgc,5,63,3492,669
30,rmgc,5,64,4611,569
30,rmgc,5,65,4380,504
30,rmgc,5,66,3862,462
30,rmgc,5,67,5172,442
30,rmgc,5,68,1789,412
30,rmgc,5,69,868,285
30,rmgc,5,70,57,386
30,rmgc,5,71,4,104
30,rmgc,5,72,0,65
30,rmgc,6,15,1,0
30,rmgc,6,16,25,3
30,rmgc,6,17,84,16
30,rmgc,6,18,97,61
30,rmgc,6,19,167,1146
30,rmgc,6,20,148,1421
30,rmgc,6,21,206,1189
30,rmgc,6,22,266,1264
30,rmgc,6,23,316,1365
30,rmgc,6,24,347,1676
30,rmgc,6,25,434,2037
30,rmgc,6,26,485,2994
30,rmgc,6,27,451,3894
30,rmgc,6,28,491,3300
30,rmgc,6,29,568,3067
30,rmgc,6,30,614,3360
30,rmgc,6,31,740,3271
30,rmgc,6,32,835,3556
30,rmgc,6,33,899,3681
30,rmgc,6,34,1031,3721
30,rmgc,6,35,1133,3622
30,rmgc,6,36,1386,3653
30,rmgc,6,37,1504,3325
30,rmgc,6,38,1685,3633
30,rmgc,6,39,1849,3855
30,rmgc,6,40,2063,3754
30,rmgc,6,41,2341,3850
30,rmgc,6,42,2386,4045
30,rmgc,6,43,2788,3660
30,rmgc,6,44,2975,3475
30,rmgc,6,45,3111,3380
30,rmgc,6,46,3445,3337
30,rmgc,6,47,3518,3026
30,rmgc,6,48,3828,3079
30,rmgc,6,49,4176,2912
30,rmgc,6,50,4132,2828
30,rmgc,6,51,4079,3045
30,rmgc,6,52,4115,3154
30,rmgc,6,53,4082,3101
30,rmgc,6,54,3834,2818
30,rmgc,6,55,4046,2511
30,rmgc,6,56,3546,2226
30,rmgc,6,57,3199,1937
30,rmgc,6,58,3100,1621
30,rmgc,6,59,2852,1234
30,rmgc,6,60,3082,1070
30,rmgc,6,61,3432,823
30,rmgc,6,62,3609,729
30,rmgc,6,63,3729,570
30,rmgc,6,64,4498,608
30,rmgc,6,65,3953,492
30,rmgc,6,66,3453,423
30,rmgc,6,67,4815,361
30,rmgc,6,68,1495,400
30,rmgc,6,69,649,328
30,rmgc,6,70,65,404
30,rmgc,6,71,0,29
30,rmgc,6,72,0,43
30,rmgc,7,15,1,0
30,rmgc,7,16,13,4
30,rmgc,7,17,51,8
30,rmgc,7,18,105,23
30,rmgc,7,19,127,370
30,rmgc,7,20,108,473
30,rmgc,7,21,161,472
30,rmgc,7,22,196,572
30,rmgc,7,23,228,883
30,rmgc,7,24,232,1040
30,rmgc,7,25,305,1357
30,rmgc,7,26,376,1863
30,rmgc,7,27,462,2919
30,rmgc,7,28,451,2581
30,rmgc,7,29,443,2507
30,rmgc,7,30,548,2648
30,rmgc,7,31,615,2600
30,rmgc,7,32,659,2782
30,rmgc,7,33,788,3030
30,rmgc,7,34,992,3148
30,rmgc,7,35,1035,3082
30,rmgc,7,36,1062,3179
30,rmgc,7,37,1384,2808
30,rmgc,7,38,1565,2944
30,rmgc,7,39,1528,3346
30,rmgc,7,40,1760,3325
30,rmgc,7,41,1923,3630
30,rmgc,7,42,1962,3647
30,rmgc,7,43,2538,3353
30,rmgc,7,44,2667,3080
30,rmgc,7,45,2838,2889
30,rmgc,7,46,3470,2722
30,rmgc,7,47,3757,2458
30,rmgc,7,48,3870,2566
30,rmgc,7,49,3643,2134
30,rmgc,7,50,3910,2125
30,rmgc,7,51,3736,2269
30,rmgc,7,52,4072,2268
30,rmgc,7,53,3763,2241
30,rmgc,7,54,3624,2046
30,rmgc,7,55,3640,1908
30,rmgc,7,56,3060,1662
30,rmgc,7,57,2735,1443
30,rmgc,7,58,3057,1182
30,rmgc,7,59,2735,969
30,rmgc,7,60,2771,778
30,rmgc,7,61,3063,676
30,rmgc,7,62,3266,533
30,rmgc,7,63,2653,528
30,rmgc,7,64,3098,362
30,rmgc,7,65,2385,301
30,rmgc,7,66,2150,292
30,rmgc,7,67,3190,280
30,rmgc,7,68,653,274
30,rmgc,7,69,318,180
30,rmgc,7,70,17,379
30,rmgc,7,71,0,126
30,rmgc,7,72,0,107
30,rmgc,1,15,2,1
30,rmgc,1,16,12,9
30,rmgc,1,17,62,24
30,rmgc,1,18,88,55
30,rmgc,1,19,159,863
30,rmgc,1,20,220,853
30,rmgc,1,21,357,975
30,rmgc,1,22,382,1418
30,rmgc,1,23,466,2021
30,rmgc,1,24,622,3028
30,rmgc,1,25,816,6132
30,rmgc,1,26,778,8722
30,rmgc,1,27,722,11815
30,rmgc,1,28,717,7810
30,rmgc,1,29,654,5226
30,rmgc,1,30,684,3386
30,rmgc,1,31,724,2285
30,rmgc,1,32,679,1893
30,rmgc,1,33,785,1859
30,rmgc,1,34,768,1535
30,rmgc,1,35,823,1454
30,rmgc,1,36,953,1540
30,rmgc,1,37,1059,1359
30,rmgc,1,38,1173,1750
30,rmgc,1,39,1212,1609
30,rmgc,1,40,1315,1597
30,rmgc,1,41,1435,1585
30,rmgc,1,42,1298,1660
30,rmgc,1,43,1521,1618
30,rmgc,1,44,1510,1451
30,rmgc,1,45,1729,1425
30,rmgc,1,46,1765,1353
30,rmgc,1,47,1974,1315
30,rmgc,1,48,1901,1147
30,rmgc,1,49,2060,1169
30,rmgc,1,50,2174,1161
30,rmgc,1,51,2823,1249
30,rmgc,1,52,4410,1481
30,rmgc,1,53,4878,1657
30,rmgc,1,54,6801,1952
30,rmgc,1,55,7542,2187
30,rmgc,1,56,6592,2186
30,rmgc,1,57,4643,2178
30,rmgc,1,58,3495,1423
30,rmgc,1,59,2725,960
30,rmgc,1,60,2371,828
30,rmgc,1,61,2529,554
30,rmgc,1,62,2435,535
30,rmgc,1,63,2453,438
30,rmgc,1,64,2676,375
30,rmgc,1,65,2192,308
30,rmgc,1,66,2014,288
30,rmgc,1,67,3396,272
30,rmgc,1,68,845,261
30,rmgc,1,69,341,172
30,rmgc,1,70,28,201
30,rmgc,1,71,0,46
30,rmgc,1,72,0,46
30,rmgc,2,15,5,0
30,rmgc,2,16,19,5
30,rmgc,2,17,50,21
30,rmgc,2,18,77,58
30,rmgc,2,19,157,866
30,rmgc,2,20,196,848
30,rmgc,2,21,313,965
30,rmgc,2,22,422,1375
30,rmgc,2,23,508,2105
30,rmgc,2,24,654,3346
30,rmgc,2,25,782,5835
30,rmgc,2,26,851,9136
30,rmgc,2,27,724,11876
30,rmgc,2,28,726,7449
30,rmgc,2,29,743,4941
30,rmgc,2,30,727,3774
30,rmgc,2,31,781,2482
30,rmgc,2,32,893,2305
30,rmgc,2,33,910,2253
30,rmgc,2,34,966,1915
30,rmgc,2,35,1000,1783
30,rmgc,2,36,1213,1895
30,rmgc,2,37,1322,1617
30,rmgc,2,38,1326,1827
30,rmgc,2,39,1473,1824
30,rmgc,2,40,1676,1866
30,rmgc,2,41,1753,1903
30,rmgc,2,42,1874,1925
30,rmgc,2,43,1984,1728
30,rmgc,2,44,2023,1644
30,rmgc,2,45,1967,1592
30,rmgc,2,46,2185,1477
30,rmgc,2,47,2133,1542
30,rmgc,2,48,2379,1519
30,rmgc,2,49,2531,1407
30,rmgc,2,50,2472,1422
30,rmgc,2,51,2883,1427
30,rmgc,2,52,4261,1701
30,rmgc,2,53,4713,2021
30,rmgc,2,54,6950,2474
30,rmgc,2,55,7029,2744
30,rmgc,2,56,6670,2813
30,rmgc,2,57,4681,2393
30,rmgc,2,58,3708,1707
30,rmgc,2,59,2777,1180
30,rmgc,2,60,2693,886
30,rmgc,2,61,2864,596
30,rmgc,2,62,2870,538
30,rmgc,2,63,2833,496
30,rmgc,2,64,3248,434
30,rmgc,2,65,2904,361
30,rmgc,2,66,2439,295
30,rmgc,2,67,3618,285
30,rmgc,2,68,1016,285
30,rmgc,2,69,465,196
30,rmgc,2,70,36,205
30,rmgc,2,71,2,60
30,rmgc,2,72,0,32
30,rmgc,3,15,0,0
30,rmgc,3,16,27,4
30,rmgc,3,17,58,13
30,rmgc,3,18,85,32
30,rmgc,3,19,149,467
30,rmgc,3,20,201,617
30,rmgc,3,21,318,852
30,rmgc,3,22,429,1272
30,rmgc,3,23,484,2162
30,rmgc,3,24,661,3131
30,rmgc,3,25,819,6176
30,rmgc,3,26,779,8686
30,rmgc,3,27,744,10928
30,rmgc,3,28,797,8480
30,rmgc,3,29,750,5036
30,rmgc,3,30,876,3775
30,rmgc,3,31,862,2538
30,rmgc,3,32,948,2269
30,rmgc,3,33,964,2273
30,rmgc,3,34,965,2038
30,rmgc,3,35,1171,1802
30,rmgc,3,36,1201,1869
30,rmgc,3,37,1414,1789
30,rmgc,3,38,1461,1832
30,rmgc,3,39,1564,1793
30,rmgc,3,40,1741,1839
30,rmgc,3,41,1784,1885
30,rmgc,3,42,1931,1943
30,rmgc,3,43,2026,1742
30,rmgc,3,44,2047,1685
30,rmgc,3,45,2183,1673
30,rmgc,3,46,2142,1554
30,rmgc,3,47,2189,1553
30,rmgc,3,48,2312,1539
30,rmgc,3,49,2387,1435
30,rmgc,3,50,2587,1477
30,rmgc,3,51,2988,1556
30,rmgc,3,52,4289,1753
30,rmgc,3,53,4940,2323
30,rmgc,3,54,7137,2530
30,rmgc,3,55,6962,2912
30,rmgc,3,56,6331,2972
30,rmgc,3,57,4499,2676
30,rmgc,3,58,3519,1645
30,rmgc,3,59,3053,1343
30,rmgc,3,60,2679,905
30,rmgc,3,61,2917,642
30,rmgc,3,62,2852,582
30,rmgc,3,63,2945,437
30,rmgc,3,64,3542,439
30,rmgc,3,65,2947,401
30,rmgc,3,66,2555,351
30,rmgc,3,67,3754,288
30,rmgc,3,68,999,265
30,rmgc,3,69,447,214
30,rmgc,3,70,37,236
30,rmgc,3,71,0,46
30,rmgc,3,72,0,26
30,rmgc,4,15,4,0
30,rmgc,4,16,17,4
30,rmgc,4,17,55,13
30,rmgc,4,18,100,45
30,rmgc,4,19,167,539
30,rmgc,4,20,229,598
30,rmgc,4,21,316,868
30,rmgc,4,22,391,1414
30,rmgc,4,23,495,2042
30,rmgc,4,24,601,3302
30,rmgc,4,25,788,5973
30,rmgc,4,26,779,9023
30,rmgc,4,27,775,11298
30,rmgc,4,28,826,7553
30,rmgc,4,29,778,5059
30,rmgc,4,30,927,3612
30,rmgc,4,31,805,2533
30,rmgc,4,32,809,2186
30,rmgc,4,33,870,2069
30,rmgc,4,34,1039,1936
30,rmgc,4,35,1006,1773
30,rmgc,4,36,1213,1806
30,rmgc,4,37,1281,1681
30,rmgc,4,38,1388,1850
30,rmgc,4,39,1544,1721
30,rmgc,4,40,1706,1717
30,rmgc,4,41,1817,1844
30,rmgc,4,42,1831,1912
30,rmgc,4,43,1845,1604
30,rmgc,4,44,1991,1660
30,rmgc,4,45,1867,1527
30,rmgc,4,46,1948,1462
30,rmgc,4,47,2075,1506
30,rmgc,4,48,2175,1436
30,rmgc,4,49,2423,1458
30,rmgc,4,50,2530,1522
30,rmgc,4,51,2863,1658
30,rmgc,4,52,4163,1807
30,rmgc,4,53,4717,2214
30,rmgc,4,54,6740,2628
30,rmgc,4,55,7083,2942
30,rmgc,4,56,6157,3029
30,rmgc,4,57,4394,2762
30,rmgc,4,58,3596,1890
30,rmgc,4,59,3110,1293
30,rmgc,4,60,2674,956
30,rmgc,4,61,3060,563
30,rmgc,4,62,2854,510
30,rmgc,4,63,3107,487
30,rmgc,4,64,3338,462
30,rmgc,4,65,3024,411
30,rmgc,4,66,2793,323
30,rmgc,4,67,4255,311
30,rmgc,4,68,1085,308
30,rmgc,4,69,487,209
30,rmgc,4,70,42,216
30,rmgc,4,71,0,41
30,rmgc,4,72,0,45
30,rmgc,5,15,0,0
30,rmgc,5,16,12,4
30,rmgc,5,17,51,17
30,rmgc,5,18,108,110
30,rmgc,5,19,149,1583
30,rmgc,5,20,209,1326
30,rmgc,5,21,325,1145
30,rmgc,5,22,395,1327
30,rmgc,5,23,469,2062
30,rmgc,5,24,622,3014
30,rmgc,5,25,740,6154
30,rmgc,5,26,785,8676
30,rmgc,5,27,700,11138
30,rmgc,5,28,766,7382
30,rmgc,5,29,757,4807
30,rmgc,5,30,904,3608
30,rmgc,5,31,786,2515
30,rmgc,5,32,931,2100
30,rmgc,5,33,1005,2329
30,rmgc,5,34,1052,1914
30,rmgc,5,35,1231,1901
30,rmgc,5,36,1413,1922
30,rmgc,5,37,1467,2032
30,rmgc,5,38,1581,2163
30,rmgc,5,39,1747,2070
30,rmgc,5,40,1776,2017
30,rmgc,5,41,2059,2083
30,rmgc,5,42,2067,2113
30,rmgc,5,43,1981,1863
30,rmgc,5,44,2234,1866
30,rmgc,5,45,2197,1888
30,rmgc,5,46,2347,1803
30,rmgc,5,47,2333,2006
30,rmgc,5,48,2411,1872
30,rmgc,5,49,2594,1970
30,rmgc,5,50,2747,1886
30,rmgc,5,51,3253,2050
30,rmgc,5,52,4474,2570
30,rmgc,5,53,5068,3038
30,rmgc,5,54,6630,3639
30,rmgc,5,55,7016,3965
30,rmgc,5,56,6392,4175
30,rmgc,5,57,4451,4032
30,rmgc,5,58,3668,2720
30,rmgc,5,59,3271,1736
30,rmgc,5,60,3073,1313
30,rmgc,5,61,3250,901
30,rmgc,5,62,3448,779
30,rmgc,5,63,3790,647
30,rmgc,5,64,4499,571
30,rmgc,5,65,4362,567
30,rmgc,5,66,4076,496
30,rmgc,5,67,5284,483
30,rmgc,5,68,1688,407
30,rmgc,5,69,855,303
30,rmgc,5,70,97,376
30,rmgc,5,71,2,90
30,rmgc,5,72,0,60
30,rmgc,6,15,1,0
30,rmgc,6,16,30,9
30,rmgc,6,17,63,14
30,rmgc,6,18,116,79
30,rmgc,6,19,195,1352
30,rmgc,6,20,178,1697
30,rmgc,6,21,198,1529
30,rmgc,6,22,261,1445
30,rmgc,6,23,325,1542
30,rmgc,6,24,347,1627
30,rmgc,6,25,435,2232
30,rmgc,6,26,480,2759
30,rmgc,6,27,588,3813
30,rmgc,6,28,609,3309
30,rmgc,6,29,634,3129
30,rmgc,6,30,667,3305
30,rmgc,6,31,752,3048
30,rmgc,6,32,869,3511
30,rmgc,6,33,1011,3806
30,rmgc,6,34,1000,3722
30,rmgc,6,35,1237,3295
30,rmgc,6,36,1428,3516
30,rmgc,6,37,1624,3183
30,rmgc,6,38,1855,3492
30,rmgc,6,39,1886,3697
30,rmgc,6,40,2213,3619
30,rmgc,6,41,2389,3494
30,rmgc,6,42,2466,3921
30,rmgc,6,43,2721,3533
30,rmgc,6,44,2995,3542
30,rmgc,6,45,3227,3490
30,rmgc,6,46,3465,3224
30,rmgc,6,47,3799,3080
30,rmgc,6,48,3639,2999
30,rmgc,6,49,3757,2890
30,rmgc,6,50,4020,2877
30,rmgc,6,51,4039,3056
30,rmgc,6,52,4288,3140
30,rmgc,6,53,4307,3171
30,rmgc,6,54,3861,2839
30,rmgc,6,55,3750,2700
30,rmgc,6,56,3345,2364
30,rmgc,6,57,2985,2167
30,rmgc,6,58,2997,1668
30,rmgc,6,59,2793,1450
30,rmgc,6,60,3105,1119
30,rmgc,6,61,3476,924
30,rmgc,6,62,3618,763
30,rmgc,6,63,4029,701
30,rmgc,6,64,4529,592
30,rmgc,6,65,4286,471
30,rmgc,6,66,3554,418
30,rmgc,6,67,4644,452
30,rmgc,6,68,1589,422
30,rmgc,6,69,736,241
30,rmgc,6,70,52,354
30,rmgc,6,71,0,50
30,rmgc,6,72,0,67
30,rmgc,7,15,4,0
30,rmgc,7,16,12,5
30,rmgc,7,17,71,14
30,rmgc,7,18,96,28
30,rmgc,7,19,135,487
30,rmgc,7,20,143,567
30,rmgc,7,21,165,689
30,rmgc,7,22,229,754
30,rmgc,7,23,271,939
30,rmgc,7,24,270,1061
30,rmgc,7,25,373,1469
30,rmgc,7,26,424,2203
30,rmgc,7,27,453,3081
30,rmgc,7,28,556,2944
30,rmgc,7,29,537,3007
30,rmgc,7,30,586,2997
30,rmgc,7,31,700,2962
30,rmgc,7,32,809,3106
30,rmgc,7,33,888,3325
30,rmgc,7,34,949,3400
30,rmgc,7,35,1218,3236
30,rmgc,7,36,1303,3108
30,rmgc,7,37,1629,2873
30,rmgc,7,38,1745,3077
30,rmgc,7,39,1799,3399
30,rmgc,7,40,2031,3397
30,rmgc,7,41,2115,3467
30,rmgc,7,42,2405,3763
30,rmgc,7,43,2509,3266
30,rmgc,7,44,2857,3214
30,rmgc,7,45,2848,3293
30,rmgc,7,46,3465,2848
30,rmgc,7,47,3686,2727
30,rmgc,7,48,3625,2668
30,rmgc,7,49,4178,2468
30,rmgc,7,50,4109,2415
30,rmgc,7,51,3848,2621
30,rmgc,7,52,4111,2525
30,rmgc,7,53,4132,2468
30,rmgc,7,54,3811,2279
30,rmgc,7,55,3656,2110
30,rmgc,7,56,3607,1994
30,rmgc,7,57,3183,1809
30,rmgc,7,58,3484,1477
30,rmgc,7,59,3254,1205
30,rmgc,7,60,3173,1044
30,rmgc,7,61,3192,704
30,rmgc,7,62,3289,557
30,rmgc,7,63,3320,551
30,rmgc,7,64,3290,449
30,rmgc,7,65,2857,348
30,rmgc,7,66,2366,364
30,rmgc,7,67,3493,330
30,rmgc,7,68,893,252
30,rmgc,7,69,342,243
30,rmgc,7,70,13,346
30,rmgc,7,71,0,113
30,rmgc,7,72,0,0
30,rmgc,1,15,0,1
30,rmgc,1,16,12,11
30,rmgc,1,17,58,14
30,rmgc,1,18,111,55
30,rmgc,1,19,182,744
30,rmgc,1,20,231,819
30,rmgc,1,21,340,1041
30,rmgc,1,22,433,1613
30,rmgc,1,23,497,2084
30,rmgc,1,24,638,3328
30,rmgc,1,25,770,6170
30,rmgc,1,26,832,9171
30,rmgc,1,27,721,12084
30,rmgc,1,28,800,7673
30,rmgc,1,29,690,4795
30,rmgc,1,30,704,3384
30,rmgc,1,31,741,2317
30,rmgc,1,32,871,1870
30,rmgc,1,33,861,1896
30,rmgc,1,34,907,1761
30,rmgc,1,35,966,1594
30,rmgc,1,36,1074,1451
30,rmgc,1,37,1149,1414
30,rmgc,1,38,1269,1615
30,rmgc,1,39,1330,1641
30,rmgc,1,40,1478,1662
30,rmgc,1,41,1512,1673
30,rmgc,1,42,1647,1546
30,rmgc,1,43,1523,1456
30,rmgc,1,44,1622,1396
30,rmgc,1,45,1658,1392
30,rmgc,1,46,1758,1253
30,rmgc,1,47,1896,1345
30,rmgc,1,48,1959,1377
30,rmgc,1,49,2235,1251
30,rmgc,1,50,2254,1123
30,rmgc,1,51,2756,1428
30,rmgc,1,52,4129,1596
30,rmgc,1,53,4732,1875
30,rmgc,1,54,6960,2161
30,rmgc,1,55,7339,2283
30,rmgc,1,56,6600,2433
30,rmgc,1,57,4427,2166
30,rmgc,1,58,3514,1522
30,rmgc,1,59,2790,1131
30,rmgc,1,60,2635,823
30,rmgc,1,61,2633,587
30,rmgc,1,62,2543,535
30,rmgc,1,63,2477,431
30,rmgc,1,64,2909,359
30,rmgc,1,65,2441,322
30,rmgc,1,66,1855,280
30,rmgc,1,67,3246,294
30,rmgc,1,68,769,265
30,rmgc,1,69,358,187
30,rmgc,1,70,39,195
30,rmgc,1,71,0,40
30,rmgc,1,72,0,47
30,rmgc,2,15,5,0
30,rmgc,2,16,5,4
30,rmgc,2,17,47,6
30,rmgc,2,18,106,44
30,rmgc,2,19,144,687
30,rmgc,2,20,210,729
30,rmgc,2,21,319,1103
30,rmgc,2,22,449,1523
30,rmgc,2,23,484,2074
30,rmgc,2,24,635,3159
30,rmgc,2,25,757,6141
30,rmgc,2,26,792,9395
30,rmgc,2,27,730,10884
30,rmgc,2,28,749,7898
30,rmgc,2,29,715,4818
30,rmgc,2,30,793,3617
30,rmgc,2,31,760,2372
30,rmgc,2,32,835,2158
30,rmgc,2,33,905,2041
30,rmgc,2,34,918,1828
30,rmgc,2,35,1085,1644
30,rmgc,2,36,1121,1639
30,rmgc,2,37,1283,1447
30,rmgc,2,38,1417,1734
30,rmgc,2,39,1478,1701
30,rmgc,2,40,1647,1778
30,rmgc,2,41,1694,1802
30,rmgc,2,42,1787,1682
30,rmgc,2,43,1676,1560
30,rmgc,2,44,1771,1649
30,rmgc,2,45,1877,1448
30,rmgc,2,46,2104,1406
30,rmgc,2,47,1958,1425
30,rmgc,2,48,2162,1275
30,rmgc,2,49,2364,1356
30,rmgc,2,50,2355,1280
30,rmgc,2,51,2822,1544
30,rmgc,2,52,4305,1748
30,rmgc,2,53,4711,2133
30,rmgc,2,54,7153,2445
30,rmgc,2,55,6966,3008
30,rmgc,2,56,6490,2827
30,rmgc,2,57,4283,2439
30,rmgc,2,58,3295,1709
30,rmgc,2,59,2957,1180
30,rmgc,2,60,2743,814
30,rmgc,2,61,2893,670
30,rmgc,2,62,2908,515
30,rmgc,2,63,2838,466
30,rmgc,2,64,3446,390
30,rmgc,2,65,2971,404
30,rmgc,2,66,2842,336
30,rmgc,2,67,3544,329
30,rmgc,2,68,860,256
30,rmgc,2,69,492,170
30,rmgc,2,70,19,240
30,rmgc,2,71,1,50
30,rmgc,2,72,0,56
30,rmgc,3,15,4,0
30,rmgc,3,16,15,5
30,rmgc,3,17,53,7
30,rmgc,3,18,88,25
30,rmgc,3,19,141,338
30,rmgc,3,20,191,487
30,rmgc,3,21,301,892
30,rmgc,3,22,354,1325
30,rmgc,3,23,488,1965
30,rmgc,3,24,591,3208
30,rmgc,3,25,787,6122
30,rmgc,3,26,787,8933
30,rmgc,3,27,790,11036
30,rmgc,3,28,705,7542
30,rmgc,3,29,766,4793
30,rmgc,3,30,745,3545
30,rmgc,3,31,815,2460
30,rmgc,3,32,805,2221
30,rmgc,3,33,899,2106
30,rmgc,3,34,1035,1751
30,rmgc,3,35,1138,1741
30,rmgc,3,36,1249,1713
30,rmgc,3,37,1222,1615
30,rmgc,3,38,1422,1592
30,rmgc,3,39,1393,1708
30,rmgc,3,40,1567,1746
30,rmgc,3,41,1688,1772
30,rmgc,3,42,1803,1729
30,rmgc,3,43,1796,1665
30,rmgc,3,44,1851,1619
30,rmgc,3,45,1830,1489
30,rmgc,3,46,2090,1529
30,rmgc,3,47,2139,1505
30,rmgc,3,48,2183,1541
30,rmgc,3,49,2472,1460
30,rmgc,3,50,2564,1471
30,rmgc,3,51,2885,1564
30,rmgc,3,52,4315,1811
30,rmgc,3,53,4780,2151
30,rmgc,3,54,6616,2497
30,rmgc,3,55,6878,2813
30,rmgc,3,56,6139,2999
30,rmgc,3,57,4347,2575
30,rmgc,3,58,3390,1756
30,rmgc,3,59,2854,1169
30,rmgc,3,60,2617,952
30,rmgc,3,61,2844,613
30,rmgc,3,62,2698,609
30,rmgc,3,63,2866,510
30,rmgc,3,64,3333,470
30,rmgc,3,65,3166,377
30,rmgc,3,66,2814,341
30,rmgc,3,67,3881,280
30,rmgc,3,68,1030,301
30,rmgc,3,69,448,216
30,rmgc,3,70,31,257
30,rmgc,3,71,5,86
30,rmgc,3,72,0,57
30,rmgc,4,15,1,0
30,rmgc,4,16,19,6
30,rmgc,4,17,60,10
30,rmgc,4,18,103,31
30,rmgc,4,19,145,350
30,rmgc,4,20,214,505
30,rmgc,4,21,306,873
30,rmgc,4,22,386,1386
30,rmgc,4,23,510,2055
30,rmgc,4,24,599,3193
30,rmgc,4,25,747,5977
30,rmgc,4,26,738,8945
30,rmgc,4,27,697,10454
30,rmgc,4,28,832,7124
30,rmgc,4,29,716,4787
30,rmgc,4,30,696,3365
30,rmgc,4,31,770,2526
30,rmgc,4,32,892,2484
30,rmgc,4,33,956,2252
30,rmgc,4,34,975,1933
30,rmgc,4,35,1207,2114
30,rmgc,4,36,1264,2005
30,rmgc,4,37,1451,1876
30,rmgc,4,38,1614,1908
30,rmgc,4,39,1714,1879
30,rmgc,4,40,1887,1975
30,rmgc,4,41,1964,2015
30,rmgc,4,42,2047,1983
30,rmgc,4,43,2138,1917
30,rmgc,4,44,2111,1875
30,rmgc,4,45,2273,1836
30,rmgc,4,46,2474,1829
30,rmgc,4,47,2640,1898
30,rmgc,4,48,2689,2039
30,rmgc,4,49,3158,2029
30,rmgc,4,50,3413,2122
30,rmgc,4,51,3555,2385
30,rmgc,4,52,4614,2453
30,rmgc,4,53,4904,3312
30,rmgc,4,54,6831,3373
30,rmgc,4,55,6927,4046
30,rmgc,4,56,6128,4111
30,rmgc,4,57,4547,3572
30,rmgc,4,58,3912,2843
30,rmgc,4,59,3188,2014
30,rmgc,4,60,2843,1481
30,rmgc,4,61,3265,1091
30,rmgc,4,62,3390,1002
30,rmgc,4,63,3774,750
30,rmgc,4,64,4380,657
30,rmgc,4,65,4443,592
30,rmgc,4,66,3932,500
30,rmgc,4,67,5144,455
30,rmgc,4,68,1933,465
30,rmgc,4,69,884,325
30,rmgc,4,70,91,437
30,rmgc,4,71,0,125
30,rmgc,4,72,0,7
30,lzj,3,15,0,0
30,lzj,3,16,9,0
30,lzj,3,17,44,0
30,lzj,3,18,78,10
30,lzj,3,19,119,114
30,lzj,3,20,142,308
30,lzj,3,21,153,361
30,lzj,3,22,296,734
30,lzj,3,23,314,1464
30,lzj,3,24,475,3141
30,lzj,3,25,606,8033
30,lzj,3,26,442,8742
30,lzj,3,27,551,9665
30,lzj,3,28,572,5410
30,lzj,3,29,450,3802
30,lzj,3,30,399,1972
30,lzj,3,31,431,1345
30,lzj,3,32,443,1032
30,lzj,3,33,532,932
30,lzj,3,34,612,837
30,lzj,3,35,633,798
30,lzj,3,36,752,873
30,lzj,3,37,775,721
30,lzj,3,38,678,806
30,lzj,3,39,692,991
30,lzj,3,40,723,934
30,lzj,3,41,773,1073
30,lzj,3,42,762,866
30,lzj,3,43,826,937
30,lzj,3,44,837,903
30,lzj,3,45,814,779
30,lzj,3,46,913,657
30,lzj,3,47,904,681
30,lzj,3,48,890,690
30,lzj,3,49,1013,664
30,lzj,3,50,1176,698
30,lzj,3,51,1491,754
30,lzj,3,52,2960,789
30,lzj,3,53,3751,1008
30,lzj,3,54,6504,1125
30,lzj,3,55,6293,1292
30,lzj,3,56,6018,1258
30,lzj,3,57,4241,1219
30,lzj,3,58,3006,831
30,lzj,3,59,2213,527
30,lzj,3,60,1777,471
30,lzj,3,61,1777,360
30,lzj,3,62,1515,282
30,lzj,3,63,1445,316
30,lzj,3,64,1559,241
30,lzj,3,65,1322,287
30,lzj,3,66,1160,217
30,lzj,3,67,1395,165
30,lzj,3,68,615,178
30,lzj,3,69,239,87
30,lzj,3,70,56,59
30,lzj,3,71,2,7
30,lzj,3,72,0,0
30,lzj,4,15,5,0
30,lzj,4,16,8,0
30,lzj,4,17,53,0
30,lzj,4,18,101,7
30,lzj,4,19,101,107
30,lzj,4,20,131,295
30,lzj,4,21,176,330
30,lzj,4,22,256,700
30,lzj,4,23,323,1455
30,lzj,4,24,477,3313
30,lzj,4,25,480,7363
30,lzj,4,26,491,9369
30,lzj,4,27,533,8246
30,lzj,4,28,600,6644
30,lzj,4,29,465,3613
30,lzj,4,30,466,2043
30,lzj,4,31,466,1386
30,lzj,4,32,505,1066
30,lzj,4,33,559,908
30,lzj,4,34,535,844
30,lzj,4,35,745,854
30,lzj,4,36,789,902
30,lzj,4,37,739,737
30,lzj,4,38,754,914
30,lzj,4,39,647,1003
30,lzj,4,40,859,991
30,lzj,4,41,814,1068
30,lzj,4,42,863,976
30,lzj,4,43,789,881
30,lzj,4,44,811,869
30,lzj,4,45,831,744
30,lzj,4,46,886,622
30,lzj,4,47,910,789
30,lzj,4,48,971,716
30,lzj,4,49,1216,712
30,lzj,4,50,1305,678
30,lzj,4,51,1543,726
30,lzj,4,52,2504,767
30,lzj,4,53,4392,988
30,lzj,4,54,6515,1118
30,lzj,4,55,6043,1235
30,lzj,4,56,5676,1237
30,lzj,4,57,3830,1028
30,lzj,4,58,2800,758
30,lzj,4,59,2165,496
30,lzj,4,60,1600,407
30,lzj,4,61,1615,337
30,lzj,4,62,1678,239
30,lzj,4,63,1584,271
30,lzj,4,64,1594,238
30,lzj,4,65,1537,252
30,lzj,4,66,1319,239
30,lzj,4,67,1446,195
30,lzj,4,68,606,166
30,lzj,4,69,245,113
30,lzj,4,70,62,44
30,lzj,4,71,3,9
30,lzj,4,72,0,0
30,lzj,5,15,0,0
30,lzj,5,16,8,0
30,lzj,5,17,70,0
30,lzj,5,18,97,6
30,lzj,5,19,124,122
30,lzj,5,20,108,286
30,lzj,5,21,191,321
30,lzj,5,22,253,691
30,lzj,5,23,283,1341
30,lzj,5,24,443,2877
30,lzj,5,25,543,6833
30,lzj,5,26,585,9306
30,lzj,5,27,513,8988
30,lzj,5,28,580,5588
30,lzj,5,29,422,3469
30,lzj,5,30,425,2158
30,lzj,5,31,473,1263
30,lzj,5,32,532,1017
30,lzj,5,33,596,985
30,lzj,5,34,617,852
30,lzj,5,35,736,924
30,lzj,5,36,835,969
30,lzj,5,37,865,819
30,lzj,5,38,835,872
30,lzj,5,39,773,897
30,lzj,5,40,826,991
30,lzj,5,41,858,972
30,lzj,5,42,917,1062
30,lzj,5,43,983,916
30,lzj,5,44,923,862
30,lzj,5,45,943,786
30,lzj,5,46,1045,703
30,lzj,5,47,1197,854
30,lzj,5,48,1085,770
30,lzj,5,49,1319,780
30,lzj,5,50,1444,757
30,lzj,5,51,1651,815
30,lzj,5,52,3275,820
30,lzj,5,53,4121,1186
30,lzj,5,54,6555,1256
30,lzj,5,55,6237,1428
30,lzj,5,56,5556,1215
30,lzj,5,57,3804,1593
30,lzj,5,58,2667,1077
30,lzj,5,59,2014,720
30,lzj,5,60,1672,536
30,lzj,5,61,1644,430
30,lzj,5,62,1482,355
30,lzj,5,63,1459,367
30,lzj,5,64,1573,296
30,lzj,5,65,1499,306
30,lzj,5,66,1390,287
30,lzj,5,67,1805,286
30,lzj,5,68,729,302
30,lzj,5,69,264,156
30,lzj,5,70,78,89
30,lzj,5,71,4,5
30,lzj,5,72,0,0
30,lzj,6,15,0,0
30,lzj,6,16,15,0
30,lzj,6,17,68,0
30,lzj,6,18,146,4
30,lzj,6,19,151,80
30,lzj,6,20,146,100
30,lzj,6,21,164,216
30,lzj,6,22,168,304
30,lzj,6,23,193,388
30,lzj,6,24,231,421
30,lzj,6,25,241,477
30,lzj,6,26,273,537
30,lzj,6,27,251,724
30,lzj,6,28,249,774
30,lzj,6,29,269,1083
30,lzj,6,30,268,1031
30,lzj,6,31,270,935
30,lzj,6,32,336,1086
30,lzj,6,33,357,1091
30,lzj,6,34,378,1167
30,lzj,6,35,400,1287
30,lzj,6,36,437,1132
30,lzj,6,37,576,957
30,lzj,6,38,644,1129
30,lzj,6,39,664,979
30,lzj,6,40,759,1152
30,lzj,6,41,798,1140
30,lzj,6,42,894,1207
30,lzj,6,43,947,1297
30,lzj,6,44,1032,1219
30,lzj,6,45,1114,1277
30,lzj,6,46,1139,1102
30,lzj,6,47,1160,1169
30,lzj,6,48,1232,994
30,lzj,6,49,1275,1067
30,lzj,6,50,1358,1037
30,lzj,6,51,1270,1110
30,lzj,6,52,1448,908
30,lzj,6,53,1292,1000
30,lzj,6,54,1168,992
30,lzj,6,55,1314,855
30,lzj,6,56,1181,828
30,lzj,6,57,1008,644
30,lzj,6,58,1067,702
30,lzj,6,59,1132,553
30,lzj,6,60,1070,598
30,lzj,6,61,1221,446
30,lzj,6,62,1331,505
30,lzj,6,63,1222,329
30,lzj,6,64,1467,358
30,lzj,6,65,1269,295
30,lzj,6,66,1138,261
30,lzj,6,67,1570,213
30,lzj,6,68,641,246
30,lzj,6,69,172,96
30,lzj,6,70,33,86
30,lzj,6,71,2,9
30,lzj,6,72,0,0
30,lzj,7,15,0,0
30,lzj,7,16,12,1
30,lzj,7,17,137,1
30,lzj,7,18,108,3
30,lzj,7,19,100,79
30,lzj,7,20,112,122
30,lzj,7,21,148,165
30,lzj,7,22,199,269
30,lzj,7,23,182,316
30,lzj,7,24,210,404
30,lzj,7,25,189,308
30,lzj,7,26,223,437
30,lzj,7,27,172,623
30,lzj,7,28,184,660
30,lzj,7,29,203,995
30,lzj,7,30,231,847
30,lzj,7,31,194,912
30,lzj,7,32,194,898
30,lzj,7,33,251,1103
30,lzj,7,34,334,1236
30,lzj,7,35,396,1096
30,lzj,7,36,415,1237
30,lzj,7,37,426,995
30,lzj,7,38,530,1140
30,lzj,7,39,595,1050
30,lzj,7,40,593,1121
30,lzj,7,41,692,1316
30,lzj,7,42,717,1196
30,lzj,7,43,920,1358
30,lzj,7,44,1047,1125
30,lzj,7,45,1161,1229
30,lzj,7,46,1087,1093
30,lzj,7,47,1058,1097
30,lzj,7,48,1198,996
30,lzj,7,49,1334,1014
30,lzj,7,50,1335,869
30,lzj,7,51,1261,1003
30,lzj,7,52,1431,829
30,lzj,7,53,1261,926
30,lzj,7,54,1155,775
30,lzj,7,55,1106,755
30,lzj,7,56,1106,738
30,lzj,7,57,1047,591
30,lzj,7,58,1144,610
30,lzj,7,59,1020,551
30,lzj,7,60,1032,495
30,lzj,7,61,1173,386
30,lzj,7,62,1131,379
30,lzj,7,63,997,247
30,lzj,7,64,1079,291
30,lzj,7,65,1020,248
30,lzj,7,66,900,222
30,lzj,7,67,1371,173
30,lzj,7,68,509,172
30,lzj,7,69,117,120
30,lzj,7,70,29,57
30,lzj,7,71,0,12
30,lzj,7,72,0,0
30,lzj,1,15,0,0
30,lzj,1,16,3,0
30,lzj,1,17,35,0
30,lzj,1,18,47,3
30,lzj,1,19,83,72
30,lzj,1,20,69,116
30,lzj,1,21,99,202
30,lzj,1,22,127,285
30,lzj,1,23,111,351
30,lzj,1,24,145,453
30,lzj,1,25,183,382
30,lzj,1,26,208,458
30,lzj,1,27,147,634
30,lzj,1,28,197,605
30,lzj,1,29,181,855
30,lzj,1,30,224,655
30,lzj,1,31,196,654
30,lzj,1,32,200,704
30,lzj,1,33,244,785
30,lzj,1,34,276,938
30,lzj,1,35,288,944
30,lzj,1,36,324,911
30,lzj,1,37,358,752
30,lzj,1,38,403,907
30,lzj,1,39,423,855
30,lzj,1,40,543,845
30,lzj,1,41,515,892
30,lzj,1,42,679,1037
30,lzj,1,43,761,968
30,lzj,1,44,838,988
30,lzj,1,45,826,852
30,lzj,1,46,989,800
30,lzj,1,47,922,772
30,lzj,1,48,824,715
30,lzj,1,49,983,690
30,lzj,1,50,976,615
30,lzj,1,51,951,773
30,lzj,1,52,1031,600
30,lzj,1,53,852,663
30,lzj,1,54,943,536
30,lzj,1,55,837,547
30,lzj,1,56,782,419
30,lzj,1,57,699,461
30,lzj,1,58,799,419
30,lzj,1,59,689,357
30,lzj,1,60,701,274
30,lzj,1,61,777,272
30,lzj,1,62,665,296
30,lzj,1,63,708,233
30,lzj,1,64,642,229
30,lzj,1,65,526,257
30,lzj,1,66,481,194
30,lzj,1,67,973,197
30,lzj,1,68,287,187
30,lzj,1,69,79,134
30,lzj,1,70,22,89
30,lzj,1,71,1,29
30,lzj,1,72,0,0
30,lzj,2,15,0,0
30,lzj,2,16,6,1
30,lzj,2,17,57,2
30,lzj,2,18,83,12
30,lzj,2,19,127,124
30,lzj,2,20,124,291
30,lzj,2,21,209,389
30,lzj,2,22,278,697
30,lzj,2,23,327,1518
30,lzj,2,24,372,2995
30,lzj,2,25,660,7684
30,lzj,2,26,599,9575
30,lzj,2,27,446,9148
30,lzj,2,28,504,6411
30,lzj,2,29,395,3488
30,lzj,2,30,335,1976
30,lzj,2,31,415,1229
30,lzj,2,32,417,941
30,lzj,2,33,404,799
30,lzj,2,34,480,742
30,lzj,2,35,532,745
30,lzj,2,36,581,684
30,lzj,2,37,645,665
30,lzj,2,38,585,713
30,lzj,2,39,577,831
30,lzj,2,40,583,924
30,lzj,2,41,648,935
30,lzj,2,42,637,826
30,lzj,2,43,716,737
30,lzj,2,44,697,663
30,lzj,2,45,677,696
30,lzj,2,46,759,535
30,lzj,2,47,781,595
30,lzj,2,48,798,566
30,lzj,2,49,996,466
30,lzj,2,50,1005,522
30,lzj,2,51,1420,595
30,lzj,2,52,2912,639
30,lzj,2,53,3730,796
30,lzj,2,54,6104,848
30,lzj,2,55,6311,983
30,lzj,2,56,6122,1026
30,lzj,2,57,4451,843
30,lzj,2,58,3150,608
30,lzj,2,59,2211,414
30,lzj,2,60,1750,364
30,lzj,2,61,1557,280
30,lzj,2,62,1315,242
30,lzj,2,63,1087,232
30,lzj,2,64,1137,178
30,lzj,2,65,922,186
30,lzj,2,66,851,168
30,lzj,2,67,1151,173
30,lzj,2,68,382,190
30,lzj,2,69,166,104
30,lzj,2,70,34,64
30,lzj,2,71,1,7
30,lzj,2,72,0,0
30,lzj,3,15,0,0
30,lzj,3,16,8,0
30,lzj,3,17,53,0
30,lzj,3,18,74,7
30,lzj,3,19,132,125
30,lzj,3,20,108,317
30,lzj,3,21,186,352
30,lzj,3,22,253,736
30,lzj,3,23,313,1335
30,lzj,3,24,442,3564
30,lzj,3,25,545,7774
30,lzj,3,26,553,8449
30,lzj,3,27,501,9874
30,lzj,3,28,546,6091
30,lzj,3,29,485,3565
30,lzj,3,30,442,2234
30,lzj,3,31,421,1276
30,lzj,3,32,505,1036
30,lzj,3,33,513,868
30,lzj,3,34,540,843
30,lzj,3,35,663,845
30,lzj,3,36,756,826
30,lzj,3,37,829,755
30,lzj,3,38,808,693
30,lzj,3,39,716,1045
30,lzj,3,40,737,904
30,lzj,3,41,806,1165
30,lzj,3,42,787,993
30,lzj,3,43,808,861
30,lzj,3,44,789,833
30,lzj,3,45,833,853
30,lzj,3,46,1012,692
30,lzj,3,47,942,787
30,lzj,3,48,1026,588
30,lzj,3,49,1145,778
30,lzj,3,50,1256,695
30,lzj,3,51,1462,729
30,lzj,3,52,3206,677
30,lzj,3,53,3716,1014
30,lzj,3,54,6374,1089
30,lzj,3,55,6309,1144
30,lzj,3,56,5815,1098
30,lzj,3,57,4228,1166
30,lzj,3,58,3077,770
30,lzj,3,59,2276,557
30,lzj,3,60,1752,409
30,lzj,3,61,1748,364
30,lzj,3,62,1449,292
30,lzj,3,63,1503,304
30,lzj,3,64,1365,234
30,lzj,3,65,1311,248
30,lzj,3,66,1132,234
30,lzj,3,67,1341,212
30,lzj,3,68,545,196
30,lzj,3,69,218,107
30,lzj,3,70,35,59
30,lzj,3,71,1,4
30,lzj,3,72,0,0
30,lzj,4,15,0,0
30,lzj,4,16,14,0
30,lzj,4,17,50,1
30,lzj,4,18,77,6
30,lzj,4,19,135,121
30,lzj,4,20,119,316
30,lzj,4,21,190,409
30,lzj,4,22,234,698
30,lzj,4,23,275,1298
30,lzj,4,24,399,3395
30,lzj,4,25,611,7741
30,lzj,4,26,494,8648
30,lzj,4,27,434,8945
30,lzj,4,28,616,6042
30,lzj,4,29,514,4068
30,lzj,4,30,415,2201
30,lzj,4,31,443,1365
30,lzj,4,32,524,1087
30,lzj,4,33,470,975
30,lzj,4,34,625,738
30,lzj,4,35,644,908
30,lzj,4,36,827,807
30,lzj,4,37,753,805
30,lzj,4,38,782,863
30,lzj,4,39,700,921
30,lzj,4,40,776,1092
30,lzj,4,41,794,1100
30,lzj,4,42,835,1041
30,lzj,4,43,768,865
30,lzj,4,44,846,912
30,lzj,4,45,910,766
30,lzj,4,46,1023,709
30,lzj,4,47,1004,785
30,lzj,4,48,1132,746
30,lzj,4,49,1160,742
30,lzj,4,50,1215,687
30,lzj,4,51,1556,689
30,lzj,4,52,3122,827
30,lzj,4,53,3799,976
30,lzj,4,54,6531,1093
30,lzj,4,55,6165,1212
30,lzj,4,56,5700,1076
30,lzj,4,57,3981,1061
30,lzj,4,58,2973,719
30,lzj,4,59,2009,510
30,lzj,4,60,1821,443
30,lzj,4,61,1715,344
30,lzj,4,62,1441,270
30,lzj,4,63,1365,308
30,lzj,4,64,1429,274
30,lzj,4,65,1212,218
30,lzj,4,66,1087,237
30,lzj,4,67,1407,217
30,lzj,4,68,522,190
30,lzj,4,69,202,108
30,lzj,4,70,33,55
30,lzj,4,71,0,9
30,lzj,4,72,0,0
30,lzj,5,15,0,1
30,lzj,5,16,18,0
30,lzj,5,17,50,2
30,lzj,5,18,104,7
30,lzj,5,19,132,122
30,lzj,5,20,134,310
30,lzj,5,21,157,377
30,lzj,5,22,276,741
30,lzj,5,23,307,1442
30,lzj,5,24,426,2964
30,lzj,5,25,571,7386
30,lzj,5,26,585,8835
30,lzj,5,27,624,9417
30,lzj,5,28,480,6154
30,lzj,5,29,437,3662
30,lzj,5,30,440,2170
30,lzj,5,31,497,1382
30,lzj,5,32,552,1170
30,lzj,5,33,570,966
30,lzj,5,34,615,924
30,lzj,5,35,748,901
30,lzj,5,36,889,799
30,lzj,5,37,924,918
30,lzj,5,38,769,944
30,lzj,5,39,790,965
30,lzj,5,40,849,1147
30,lzj,5,41,920,1148
30,lzj,5,42,799,1060
30,lzj,5,43,950,943
30,lzj,5,44,1000,887
30,lzj,5,45,893,948
30,lzj,5,46,956,781
30,lzj,5,47,1142,899
30,lzj,5,48,1110,912
30,lzj,5,49,1296,855
30,lzj,5,50,1305,895
30,lzj,5,51,1662,1052
30,lzj,5,52,3204,977
30,lzj,5,53,3941,1378
30,lzj,5,54,6409,1537
30,lzj,5,55,6228,1803
30,lzj,5,56,6032,1695
30,lzj,5,57,4118,1647
30,lzj,5,58,3052,1211
30,lzj,5,59,2308,822
30,lzj,5,60,1773,545
30,lzj,5,61,1791,513
30,lzj,5,62,1597,389
30,lzj,5,63,1794,408
30,lzj,5,64,2014,344
30,lzj,5,65,2125,373
30,lzj,5,66,2057,338
30,lzj,5,67,2110,295
30,lzj,5,68,1109,296
30,lzj,5,69,382,156
30,lzj,5,70,74,103
30,lzj,5,71,1,8
30,lzj,5,72,0,0
30,lzj,6,15,0,2
30,lzj,6,16,9,0
30,lzj,6,17,74,1
30,lzj,6,18,83,5
30,lzj,6,19,94,79
30,lzj,6,20,156,130
30,lzj,6,21,118,250
30,lzj,6,22,211,360
30,lzj,6,23,206,498
30,lzj,6,24,233,614
30,lzj,6,25,290,609
30,lzj,6,26,309,794
30,lzj,6,27,300,845
30,lzj,6,28,253,986
30,lzj,6,29,329,1052
30,lzj,6,30,321,1140
30,lzj,6,31,295,1101
30,lzj,6,32,376,1105
30,lzj,6,33,407,1265
30,lzj,6,34,395,1095
30,lzj,6,35,472,1222
30,lzj,6,36,539,1138
30,lzj,6,37,597,963
30,lzj,6,38,588,1113
30,lzj,6,39,642,1165
30,lzj,6,40,750,1200
30,lzj,6,41,892,1354
30,lzj,6,42,759,1315
30,lzj,6,43,989,1245
30,lzj,6,44,908,1207
30,lzj,6,45,1160,1205
30,lzj,6,46,1132,1043
30,lzj,6,47,1178,1123
30,lzj,6,48,1333,1139
30,lzj,6,49,1260,942
30,lzj,6,50,1324,1185
30,lzj,6,51,1364,1091
30,lzj,6,52,1470,1268
30,lzj,6,53,1452,1188
30,lzj,6,54,1235,1325
30,lzj,6,55,1292,1034
30,lzj,6,56,1135,917
30,lzj,6,57,1075,766
30,lzj,6,58,1104,798
30,lzj,6,59,1151,604
30,lzj,6,60,1116,658
30,lzj,6,61,1305,475
30,lzj,6,62,1234,441
30,lzj,6,63,1375,406
30,lzj,6,64,1634,378
30,lzj,6,65,1443,367
30,lzj,6,66,1292,282
30,lzj,6,67,1553,258
30,lzj,6,68,685,280
30,lzj,6,69,241,153
30,lzj,6,70,51,120
30,lzj,6,71,0,6
30,lzj,6,72,0,0
30,lzj,7,15,1,0
30,lzj,7,16,25,0
30,lzj,7,17,47,1
30,lzj,7,18,42,5
30,lzj,7,19,89,64
30,lzj,7,20,92,121
30,lzj,7,21,125,206
30,lzj,7,22,117,380
30,lzj,7,23,169,369
30,lzj,7,24,171,454
30,lzj,7,25,214,497
30,lzj,7,26,263,590
30,lzj,7,27,233,738
30,lzj,7,28,217,784
30,lzj,7,29,239,934
30,lzj,7,30,263,1093
30,lzj,7,31,270,899
30,lzj,7,32,305,1042
30,lzj,7,33,372,1085
30,lzj,7,34,361,1156
30,lzj,7,35,438,1158
30,lzj,7,36,486,1180
30,lzj,7,37,455,926
30,lzj,7,38,518,999
30,lzj,7,39,613,1018
30,lzj,7,40,708,1052
30,lzj,7,41,744,1063
30,lzj,7,42,800,1143
30,lzj,7,43,911,1244
30,lzj,7,44,992,1035
30,lzj,7,45,1009,1167
30,lzj,7,46,1068,1027
30,lzj,7,47,1127,890
30,lzj,7,48,1137,978
30,lzj,7,49,1082,990
30,lzj,7,50,1285,998
30,lzj,7,51,1307,893
30,lzj,7,52,1246,1034
30,lzj,7,53,1163,1025
30,lzj,7,54,1022,959
30,lzj,7,55,1115,714
30,lzj,7,56,1030,821
30,lzj,7,57,979,598
30,lzj,7,58,993,611
30,lzj,7,59,1049,530
30,lzj,7,60,987,542
30,lzj,7,61,1204,435
30,lzj,7,62,1142,377
30,lzj,7,63,1223,371
30,lzj,7,64,1081,282
30,lzj,7,65,1157,358
30,lzj,7,66,883,194
30,lzj,7,67,1219,193
30,lzj,7,68,399,207
30,lzj,7,69,175,110
30,lzj,7,70,30,115
30,lzj,7,71,3,11
30,lzj,7,72,0,0
30,lzj,1,15,7,0
30,lzj,1,16,15,0
30,lzj,1,17,47,2
30,lzj,1,18,76,5
30,lzj,1,19,134,120
30,lzj,1,20,140,337
30,lzj,1,21,196,411
30,lzj,1,22,265,798
30,lzj,1,23,356,1699
30,lzj,1,24,437,3292
30,lzj,1,25,565,7839
30,lzj,1,26,597,9342
30,lzj,1,27,516,10191
30,lzj,1,28,511,6274
30,lzj,1,29,442,3458
30,lzj,1,30,384,2005
30,lzj,1,31,414,1315
30,lzj,1,32,461,974
30,lzj,1,33,503,869
30,lzj,1,34,527,886
30,lzj,1,35,624,746
30,lzj,1,36,725,730
30,lzj,1,37,660,643
30,lzj,1,38,728,904
30,lzj,1,39,627,857
30,lzj,1,40,709,930
30,lzj,1,41,718,1006
30,lzj,1,42,766,1025
30,lzj,1,43,687,816
30,lzj,1,44,797,822
30,lzj,1,45,712,655
30,lzj,1,46,948,691
30,lzj,1,47,920,727
30,lzj,1,48,994,642
30,lzj,1,49,1059,611
30,lzj,1,50,1053,634
30,lzj,1,51,1562,662
30,lzj,1,52,3135,698
30,lzj,1,53,3696,894
30,lzj,1,54,6411,985
30,lzj,1,55,6367,1064
30,lzj,1,56,6236,1099
30,lzj,1,57,4261,1026
30,lzj,1,58,3154,780
30,lzj,1,59,2326,504
30,lzj,1,60,1772,418
30,lzj,1,61,1573,249
30,lzj,1,62,1360,287
30,lzj,1,63,1344,279
30,lzj,1,64,1341,191
30,lzj,1,65,1275,254
30,lzj,1,66,1152,208
30,lzj,1,67,1359,167
30,lzj,1,68,502,175
30,lzj,1,69,184,89
30,lzj,1,70,49,44
30,lzj,1,71,2,7
30,lzj,1,72,0,0
30,lzj,2,15,0,2
30,lzj,2,16,16,0
30,lzj,2,17,51,0
30,lzj,2,18,66,7
30,lzj,2,19,134,125
30,lzj,2,20,106,286
30,lzj,2,21,196,354
30,lzj,2,22,257,749
30,lzj,2,23,340,1408
30,lzj,2,24,303,3174
30,lzj,2,25,643,7267
30,lzj,2,26,592,9188
30,lzj,2,27,484,9996
30,lzj,2,28,541,5986
30,lzj,2,29,513,3480
30,lzj,2,30,412,2331
30,lzj,2,31,428,1315
30,lzj,2,32,484,1034
30,lzj,2,33,504,887
30,lzj,2,34,555,927
30,lzj,2,35,624,764
30,lzj,2,36,665,834
30,lzj,2,37,677,703
30,lzj,2,38,713,749
30,lzj,2,39,680,944
30,lzj,2,40,759,1004
30,lzj,2,41,744,923
30,lzj,2,42,787,996
30,lzj,2,43,677,832
30,lzj,2,44,796,766
30,lzj,2,45,738,738
30,lzj,2,46,893,693
30,lzj,2,47,941,679
30,lzj,2,48,864,666
30,lzj,2,49,1067,689
30,lzj,2,50,1128,659
30,lzj,2,51,1454,704
30,lzj,2,52,2925,709
30,lzj,2,53,3805,987
30,lzj,2,54,6439,1087
30,lzj,2,55,6309,1230
30,lzj,2,56,5798,1158
30,lzj,2,57,3984,1151
30,lzj,2,58,2978,748
30,lzj,2,59,2192,548
30,lzj,2,60,1829,462
30,lzj,2,61,1550,310
30,lzj,2,62,1364,301
30,lzj,2,63,1435,283
30,lzj,2,64,1551,257
30,lzj,2,65,1437,237
30,lzj,2,66,1083,227
30,lzj,2,67,1434,212
30,lzj,2,68,533,185
30,lzj,2,69,222,109
30,lzj,2,70,41,60
30,lzj,2,71,0,9
30,lzj,2,72,0,0
30,lzj,3,15,0,1
30,lzj,3,16,18,0
30,lzj,3,17,72,0
30,lzj,3,18,65,6
30,lzj,3,19,127,145
30,lzj,3,20,140,298
30,lzj,3,21,209,404
30,lzj,3,22,254,756
30,lzj,3,23,306,1484
30,lzj,3,24,418,3376
30,lzj,3,25,526,7594
30,lzj,3,26,595,9146
30,lzj,3,27,473,8822
30,lzj,3,28,547,5621
30,lzj,3,29,492,3932
30,lzj,3,30,446,2141
30,lzj,3,31,447,1255
30,lzj,3,32,543,1106
30,lzj,3,33,572,931
30,lzj,3,34,587,927
30,lzj,3,35,701,968
30,lzj,3,36,767,781
30,lzj,3,37,879,821
30,lzj,3,38,700,861
30,lzj,3,39,750,982
30,lzj,3,40,809,1047
30,lzj,3,41,848,1085
30,lzj,3,42,818,1079
30,lzj,3,43,829,832
30,lzj,3,44,837,895
30,lzj,3,45,853,836
30,lzj,3,46,963,717
30,lzj,3,47,945,710
30,lzj,3,48,1043,698
30,lzj,3,49,1149,793
30,lzj,3,50,1181,724
30,lzj,3,51,1472,807
30,lzj,3,52,3143,774
30,lzj,3,53,3700,1133
30,lzj,3,54,6489,1225
30,lzj,3,55,5952,1396
30,lzj,3,56,6065,1291
30,lzj,3,57,4103,1199
30,lzj,3,58,2772,807
30,lzj,3,59,2075,549
30,lzj,3,60,1791,438
30,lzj,3,61,1690,376
30,lzj,3,62,1534,345
30,lzj,3,63,1508,315
30,lzj,3,64,1687,235
30,lzj,3,65,1588,275
30,lzj,3,66,1152,254
30,lzj,3,67,1426,190
30,lzj,3,68,642,187
30,lzj,3,69,255,113
30,lzj,3,70,63,58
30,lzj,3,71,1,11
30,lzj,3,72,0,0
30,lzj,4,15,0,0
30,lzj,4,16,21,0
30,lzj,4,17,43,0
30,lzj,4,18,79,3
30,lzj,4,19,116,112
30,lzj,4,20,159,320
30,lzj,4,21,169,366
30,lzj,4,22,262,733
30,lzj,4,23,309,1376
30,lzj,4,24,423,3129
30,lzj,4,25,507,7228
30,lzj,4,26,566,8755
30,lzj,4,27,446,10082
30,lzj,4,28,458,5603
30,lzj,4,29,484,3338
30,lzj,4,30,431,2363
30,lzj,4,31,394,1345
30,lzj,4,32,517,1031
30,lzj,4,33,532,939
30,lzj,4,34,600,929
30,lzj,4,35,680,823
30,lzj,4,36,778,929
30,lzj,4,37,833,721
30,lzj,4,38,744,849
30,lzj,4,39,757,1031
30,lzj,4,40,732,1030
30,lzj,4,41,809,1008
30,lzj,4,42,830,973
30,lzj,4,43,844,925
30,lzj,4,44,921,849
30,lzj,4,45,929,781
30,lzj,4,46,977,795
30,lzj,4,47,968,739
30,lzj,4,48,1020,713
30,lzj,4,49,1045,697
30,lzj,4,50,1143,678
30,lzj,4,51,1478,679
30,lzj,4,52,2970,701
30,lzj,4,53,3769,1054
30,lzj,4,54,6272,1252
30,lzj,4,55,6054,1195
30,lzj,4,56,5958,1338
30,lzj,4,57,4066,1118
30,lzj,4,58,2744,752
30,lzj,4,59,2102,527
30,lzj,4,60,1876,432
30,lzj,4,61,1670,342
30,lzj,4,62,1599,324
30,lzj,4,63,1551,299
30,lzj,4,64,1539,273
30,lzj,4,65,1398,262
30,lzj,4,66,1293,230
30,lzj,4,67,1532,214
30,lzj,4,68,642,162
30,lzj,4,69,233,97
30,lzj,4,70,51,62
30,lzj,4,71,2,8
30,lzj,4,72,0,0
30,lzj,5,15,1,0
30,lzj,5,16,11,0
30,lzj,5,17,92,1
30,lzj,5,18,116,7
30,lzj,5,19,152,113
30,lzj,5,20,131,321
30,lzj,5,21,197,375
30,lzj,5,22,262,784
30,lzj,5,23,251,1412
30,lzj,5,24,444,2993
30,lzj,5,25,635,7689
30,lzj,5,26,539,9336
30,lzj,5,27,398,9214
30,lzj,5,28,471,5643
30,lzj,5,29,496,3572
30,lzj,5,30,501,2207
30,lzj,5,31,466,1414
30,lzj,5,32,565,1118
30,lzj,5,33,622,1137
30,lzj,5,34,625,947
30,lzj,5,35,778,909
30,lzj,5,36,842,921
30,lzj,5,37,863,708
30,lzj,5,38,837,981
30,lzj,5,39,854,1023
30,lzj,5,40,792,1051
30,lzj,5,41,938,1160
30,lzj,5,42,913,1074
30,lzj,5,43,936,897
30,lzj,5,44,952,875
30,lzj,5,45,970,925
30,lzj,5,46,1145,902
30,lzj,5,47,1123,894
30,lzj,5,48,1149,846
30,lzj,5,49,1287,869
30,lzj,5,50,1432,807
30,lzj,5,51,1813,895
30,lzj,5,52,3337,919
30,lzj,5,53,3970,1307
30,lzj,5,54,6368,1488
30,lzj,5,55,6412,1731
30,lzj,5,56,5711,1667
30,lzj,5,57,4110,1529
30,lzj,5,58,2964,1085
30,lzj,5,59,2224,733
30,lzj,5,60,1777,521
30,lzj,5,61,1829,473
30,lzj,5,62,1581,443
30,lzj,5,63,1606,444
30,lzj,5,64,1867,323
30,lzj,5,65,1831,364
30,lzj,5,66,1656,305
30,lzj,5,67,1991,279
30,lzj,5,68,927,291
30,lzj,5,69,308,168
30,lzj,5,70,68,104
30,lzj,5,71,6,13
30,lzj,5,72,0,0
30,lzj,6,15,0,0
30,lzj,6,16,9,0
30,lzj,6,17,56,1
30,lzj,6,18,78,4
30,lzj,6,19,125,79
30,lzj,6,20,126,150
30,lzj,6,21,170,245
30,lzj,6,22,158,424
30,lzj,6,23,228,483
30,lzj,6,24,211,526
30,lzj,6,25,248,557
30,lzj,6,26,334,890
30,lzj,6,27,264,953
30,lzj,6,28,213,1031
30,lzj,6,29,308,1055
30,lzj,6,30,329,1162
30,lzj,6,31,300,1299
30,lzj,6,32,334,1220
30,lzj,6,33,385,1184
30,lzj,6,34,448,1293
30,lzj,6,35,475,1124
30,lzj,6,36,470,1080
30,lzj,6,37,562,1022
30,lzj,6,38,583,1048
30,lzj,6,39,713,1136
30,lzj,6,40,718,1213
30,lzj,6,41,794,1384
30,lzj,6,42,853,1240
30,lzj,6,43,962,1343
30,lzj,6,44,942,1136
30,lzj,6,45,1048,1221
30,lzj,6,46,1089,1109
30,lzj,6,47,1219,1139
30,lzj,6,48,1161,1031
30,lzj,6,49,1341,1076
30,lzj,6,50,1467,1159
30,lzj,6,51,1295,1110
30,lzj,6,52,1394,1163
30,lzj,6,53,1463,1073
30,lzj,6,54,1317,1204
30,lzj,6,55,1341,876
30,lzj,6,56,1146,885
30,lzj,6,57,1127,758
30,lzj,6,58,1231,749
30,lzj,6,59,1140,591
30,lzj,6,60,1073,552
30,lzj,6,61,1404,491
30,lzj,6,62,1281,516
30,lzj,6,63,1556,421
30,lzj,6,64,1570,385
30,lzj,6,65,1571,397
30,lzj,6,66,1365,292
30,lzj,6,67,1721,272
30,lzj,6,68,800,249
30,lzj,6,69,282,165
30,lzj,6,70,43,74
30,lzj,6,71,0,14
30,lzj,6,72,0,0
30,lzj,7,15,0,0
30,lzj,7,16,11,0
30,lzj,7,17,47,2
30,lzj,7,18,79,6
30,lzj,7,19,81,71
30,lzj,7,20,72,129
30,lzj,7,21,127,237
30,lzj,7,22,141,380
30,lzj,7,23,146,366
30,lzj,7,24,174,532
30,lzj,7,25,220,452
30,lzj,7,26,174,536
30,lzj,7,27,249,646
30,lzj,7,28,236,771
30,lzj,7,29,205,995
30,lzj,7,30,230,1005
30,lzj,7,31,232,892
30,lzj,7,32,305,1007
30,lzj,7,33,297,942
30,lzj,7,34,323,1084
30,lzj,7,35,348,1075
30,lzj,7,36,429,1077
30,lzj,7,37,447,825
30,lzj,7,38,536,953
30,lzj,7,39,565,959
30,lzj,7,40,667,946
30,lzj,7,41,707,1151
30,lzj,7,42,822,1136
30,lzj,7,43,805,1117
30,lzj,7,44,948,959
30,lzj,7,45,1012,1069
30,lzj,7,46,1011,909
30,lzj,7,47,1044,832
30,lzj,7,48,1131,886
30,lzj,7,49,1072,771
30,lzj,7,50,1033,877
30,lzj,7,51,1072,778
30,lzj,7,52,1025,858
30,lzj,7,53,959,716
30,lzj,7,54,982,758
30,lzj,7,55,912,651
30,lzj,7,56,808,635
30,lzj,7,57,884,508
30,lzj,7,58,920,502
30,lzj,7,59,779,453
30,lzj,7,60,843,404
30,lzj,7,61,1021,399
30,lzj,7,62,947,358
30,lzj,7,63,989,306
30,lzj,7,64,1092,241
30,lzj,7,65,883,243
30,lzj,7,66,646,192
30,lzj,7,67,1042,168
30,lzj,7,68,354,189
30,lzj,7,69,102,103
30,lzj,7,70,34,95
30,lzj,7,71,0,8
30,lzj,7,72,0,0
30,lzj,1,15,0,0
30,lzj,1,16,12,1
30,lzj,1,17,52,0
30,lzj,1,18,94,10
30,lzj,1,19,133,122
30,lzj,1,20,137,306
30,lzj,1,21,190,354
30,lzj,1,22,292,725
30,lzj,1,23,243,1451
30,lzj,1,24,407,2765
30,lzj,1,25,580,7867
30,lzj,1,26,625,9394
30,lzj,1,27,474,10221
30,lzj,1,28,485,6093
30,lzj,1,29,428,3897
30,lzj,1,30,407,2196
30,lzj,1,31,366,1399
30,lzj,1,32,434,881
30,lzj,1,33,498,871
30,lzj,1,34,429,779
30,lzj,1,35,551,716
30,lzj,1,36,670,723
30,lzj,1,37,699,660
30,lzj,1,38,635,763
30,lzj,1,39,593,723
30,lzj,1,40,635,1016
30,lzj,1,41,650,901
30,lzj,1,42,693,935
30,lzj,1,43,744,806
30,lzj,1,44,703,726
30,lzj,1,45,757,633
30,lzj,1,46,840,697
30,lzj,1,47,813,633
30,lzj,1,48,841,682
30,lzj,1,49,958,591
30,lzj,1,50,1076,532
30,lzj,1,51,1437,669
30,lzj,1,52,2883,703
30,lzj,1,53,3800,819
30,lzj,1,54,6427,948
30,lzj,1,55,6368,1048
30,lzj,1,56,6120,995
30,lzj,1,57,4191,1032
30,lzj,1,58,3247,679
30,lzj,1,59,2223,530
30,lzj,1,60,1736,362
30,lzj,1,61,1595,343
30,lzj,1,62,1369,252
30,lzj,1,63,1264,291
30,lzj,1,64,1229,220
30,lzj,1,65,1232,201
30,lzj,1,66,981,204
30,lzj,1,67,1378,156
30,lzj,1,68,464,168
30,lzj,1,69,195,99
30,lzj,1,70,51,56
30,lzj,1,71,4,6
30,lzj,1,72,0,0
30,lzj,2,15,0,0
30,lzj,2,16,24,0
30,lzj,2,17,56,3
30,lzj,2,18,110,6
30,lzj,2,19,136,131
30,lzj,2,20,164,282
30,lzj,2,21,207,362
30,lzj,2,22,277,783
30,lzj,2,23,256,1410
30,lzj,2,24,432,3387
30,lzj,2,25,629,7406
30,lzj,2,26,537,8411
30,lzj,2,27,538,11188
30,lzj,2,28,551,5273
30,lzj,2,29,460,3710
30,lzj,2,30,423,2170
30,lzj,2,31,523,1246
30,lzj,2,32,530,1183
30,lzj,2,33,611,966
30,lzj,2,34,592,887
30,lzj,2,35,714,887
30,lzj,2,36,732,854
30,lzj,2,37,794,766
30,lzj,2,38,770,871
30,lzj,2,39,750,999
30,lzj,2,40,810,1039
30,lzj,2,41,943,1156
30,lzj,2,42,802,1014
30,lzj,2,43,854,1017
30,lzj,2,44,898,862
30,lzj,2,45,885,810
30,lzj,2,46,929,810
30,lzj,2,47,976,835
30,lzj,2,48,949,692
30,lzj,2,49,1170,697
30,lzj,2,50,1221,744
30,lzj,2,51,1577,740
30,lzj,2,52,3110,776
30,lzj,2,53,3765,991
30,lzj,2,54,6474,1161
30,lzj,2,55,6369,1156
30,lzj,2,56,5963,1231
30,lzj,2,57,4080,1081
30,lzj,2,58,3124,795
30,lzj,2,59,2311,600
30,lzj,2,60,1960,442
30,lzj,2,61,1665,384
30,lzj,2,62,1521,336
30,lzj,2,63,1456,315
30,lzj,2,64,1464,228
30,lzj,2,65,1398,278
30,lzj,2,66,1162,196
30,lzj,2,67,1417,214
30,lzj,2,68,649,218
30,lzj,2,69,244,108
30,lzj,2,70,49,47
30,lzj,2,71,0,1
30,lzj,2,72,0,0
30,lzj,3,15,0,0
30,lzj,3,16,27,1
30,lzj,3,17,48,1
30,lzj,3,18,87,9
30,lzj,3,19,138,119
30,lzj,3,20,142,315
30,lzj,3,21,203,424
30,lzj,3,22,246,741
30,lzj,3,23,297,1237
30,lzj,3,24,421,3334
30,lzj,3,25,641,7651
30,lzj,3,26,597,8988
30,lzj,3,27,510,10038
30,lzj,3,28,600,5844
30,lzj,3,29,454,3496
30,lzj,3,30,436,2152
30,lzj,3,31,443,1419
30,lzj,3,32,504,1104
30,lzj,3,33,534,891
30,lzj,3,34,578,904
30,lzj,3,35,717,875
30,lzj,3,36,802,907
30,lzj,3,37,890,763
30,lzj,3,38,781,877
30,lzj,3,39,772,941
30,lzj,3,40,795,1188
30,lzj,3,41,819,1094
30,lzj,3,42,771,1019
30,lzj,3,43,791,1009
30,lzj,3,44,894,863
30,lzj,3,45,921,807
30,lzj,3,46,971,907
30,lzj,3,47,1052,821
30,lzj,3,48,1026,810
30,lzj,3,49,1176,758
30,lzj,3,50,1294,752
30,lzj,3,51,1430,765
30,lzj,3,52,3230,826
30,lzj,3,53,3867,1162
30,lzj,3,54,6547,1204
30,lzj,3,55,6105,1302
30,lzj,3,56,5862,1266
30,lzj,3,57,4049,1193
30,lzj,3,58,3004,839
30,lzj,3,59,2193,674
30,lzj,3,60,1715,419
30,lzj,3,61,1703,375
30,lzj,3,62,1644,315
30,lzj,3,63,1533,330
30,lzj,3,64,1739,275
30,lzj,3,65,1573,320
30,lzj,3,66,1278,215
30,lzj,3,67,1464,221
30,lzj,3,68,584,213
30,lzj,3,69,222,111
30,lzj,3,70,48,64
30,lzj,3,71,1,6
30,lzj,3,72,0,0
30,lzj,4,15,0,0
30,lzj,4,16,17,0
30,lzj,4,17,75,0
30,lzj,4,18,109,4
30,lzj,4,19,138,120
30,lzj,4,20,138,307
30,lzj,4,21,172,393
30,lzj,4,22,284,670
30,lzj,4,23,299,1379
30,lzj,4,24,416,3267
30,lzj,4,25,605,7683
30,lzj,4,26,588,8496
30,lzj,4,27,455,10451
30,lzj,4,28,573,5280
30,lzj,4,29,502,3616
30,lzj,4,30,475,2264
30,lzj,4,31,533,1413
30,lzj,4,32,522,1092
30,lzj,4,33,565,969
30,lzj,4,34,571,949
30,lzj,4,35,678,867
30,lzj,4,36,770,839
30,lzj,4,37,809,763
30,lzj,4,38,810,903
30,lzj,4,39,722,958
30,lzj,4,40,742,1036
30,lzj,4,41,895,1258
30,lzj,4,42,887,1023
30,lzj,4,43,801,859
30,lzj,4,44,879,868
30,lzj,4,45,894,826
30,lzj,4,46,976,750
30,lzj,4,47,986,832
30,lzj,4,48,942,711
30,lzj,4,49,1126,808
30,lzj,4,50,1280,766
30,lzj,4,51,1532,807
30,lzj,4,52,3043,825
30,lzj,4,53,3741,1016
30,lzj,4,54,6220,1160
30,lzj,4,55,6229,1310
30,lzj,4,56,5834,1285
30,lzj,4,57,4076,1091
30,lzj,4,58,3022,789
30,lzj,4,59,2220,616
30,lzj,4,60,1829,443
30,lzj,4,61,1800,373
30,lzj,4,62,1462,355
30,lzj,4,63,1479,344
30,lzj,4,64,1695,229
30,lzj,4,65,1452,291
30,lzj,4,66,1297,267
30,lzj,4,67,1640,219
30,lzj,4,68,687,203
30,lzj,4,69,270,120
30,lzj,4,70,48,69
30,lzj,4,71,2,5
30,lzj,4,72,0,0
30,lzj,5,15,0,0
30,lzj,5,16,14,0
30,lzj,5,17,75,0
30,lzj,5,18,87,7
30,lzj,5,19,134,112
30,lzj,5,20,133,273
30,lzj,5,21,197,399
30,lzj,5,22,262,748
30,lzj,5,23,253,1452
30,lzj,5,24,392,3029
30,lzj,5,25,628,7738
30,lzj,5,26,515,8356
30,lzj,5,27,475,10149
30,lzj,5,28,540,5441
30,lzj,5,29,619,3397
30,lzj,5,30,411,2509
30,lzj,5,31,416,1408
30,lzj,5,32,535,1223
30,lzj,5,33,643,1008
30,lzj,5,34,649,876
30,lzj,5,35,719,948
30,lzj,5,36,860,935
30,lzj,5,37,916,824
30,lzj,5,38,836,1034
30,lzj,5,39,827,1078
30,lzj,5,40,860,1129
30,lzj,5,41,947,1275
30,lzj,5,42,899,1147
30,lzj,5,43,974,1027
30,lzj,5,44,966,958
30,lzj,5,45,922,847
30,lzj,5,46,1090,942
30,lzj,5,47,1108,874
30,lzj,5,48,1075,863
30,lzj,5,49,1414,859
30,lzj,5,50,1372,914
30,lzj,5,51,1733,991
30,lzj,5,52,3314,969
30,lzj,5,53,3944,1305
30,lzj,5,54,6547,1348
30,lzj,5,55,6328,1726
30,lzj,5,56,5809,1618
30,lzj,5,57,4047,1600
30,lzj,5,58,2976,1094
30,lzj,5,59,2174,775
30,lzj,5,60,1844,686
30,lzj,5,61,1767,477
30,lzj,5,62,1601,415
30,lzj,5,63,1739,441
30,lzj,5,64,1841,331
30,lzj,5,65,1709,375
30,lzj,5,66,1693,314
30,lzj,5,67,2065,305
30,lzj,5,68,992,281
30,lzj,5,69,376,150
30,lzj,5,70,78,110
30,lzj,5,71,1,16
30,lzj,5,72,0,0
30,lzj,6,15,0,0
30,lzj,6,16,12,0
30,lzj,6,17,70,1
30,lzj,6,18,126,4
30,lzj,6,19,129,68
30,lzj,6,20,159,175
30,lzj,6,21,143,215
30,lzj,6,22,177,403
30,lzj,6,23,230,437
30,lzj,6,24,227,617
30,lzj,6,25,300,599
30,lzj,6,26,323,977
30,lzj,6,27,282,1039
30,lzj,6,28,369,1161
30,lzj,6,29,296,1304
30,lzj,6,30,363,1436
30,lzj,6,31,328,1187
30,lzj,6,32,374,1245
30,lzj,6,33,380,1407
30,lzj,6,34,489,1384
30,lzj,6,35,500,1180
30,lzj,6,36,544,1211
30,lzj,6,37,566,1023
30,lzj,6,38,720,1331
30,lzj,6,39,707,1396
30,lzj,6,40,803,1298
30,lzj,6,41,818,1362
30,lzj,6,42,948,1408
30,lzj,6,43,941,1436
30,lzj,6,44,1090,1183
30,lzj,6,45,1183,1200
30,lzj,6,46,1182,1138
30,lzj,6,47,1224,1094
30,lzj,6,48,1219,1139
30,lzj,6,49,1416,1074
30,lzj,6,50,1407,1201
30,lzj,6,51,1700,1144
30,lzj,6,52,1733,1307
30,lzj,6,53,1780,1205
30,lzj,6,54,1484,1168
30,lzj,6,55,1294,909
30,lzj,6,56,1176,933
30,lzj,6,57,1067,876
30,lzj,6,58,1173,779
30,lzj,6,59,1042,646
30,lzj,6,60,1131,608
30,lzj,6,61,1376,507
30,lzj,6,62,1295,517
30,lzj,6,63,1421,423
30,lzj,6,64,1693,322
30,lzj,6,65,1499,331
30,lzj,6,66,1419,278
30,lzj,6,67,1589,264
30,lzj,6,68,847,314
30,lzj,6,69,294,133
30,lzj,6,70,57,87
30,lzj,6,71,2,14
30,lzj,6,72,0,0
30,lzj,7,15,0,0
30,lzj,7,16,15,0
30,lzj,7,17,52,1
30,lzj,7,18,98,4
30,lzj,7,19,82,65
30,lzj,7,20,92,131
30,lzj,7,21,117,179
30,lzj,7,22,159,377
30,lzj,7,23,173,352
30,lzj,7,24,166,481
30,lzj,7,25,295,576
30,lzj,7,26,309,709
30,lzj,7,27,267,926
30,lzj,7,28,274,1024
30,lzj,7,29,242,1110
30,lzj,7,30,288,1170
30,lzj,7,31,275,1131
30,lzj,7,32,379,1139
30,lzj,7,33,427,1196
30,lzj,7,34,392,1265
30,lzj,7,35,449,1154
30,lzj,7,36,504,1120
30,lzj,7,37,515,963
30,lzj,7,38,687,1092
30,lzj,7,39,651,1195
30,lzj,7,40,733,1162
30,lzj,7,41,833,1282
30,lzj,7,42,939,1274
30,lzj,7,43,955,1151
30,lzj,7,44,1098,1064
30,lzj,7,45,1069,1086
30,lzj,7,46,1165,931
30,lzj,7,47,1068,907
30,lzj,7,48,1154,1020
30,lzj,7,49,1195,949
30,lzj,7,50,1202,870
30,lzj,7,51,1293,1020
30,lzj,7,52,1410,1054
30,lzj,7,53,1301,913
30,lzj,7,54,1164,992
30,lzj,7,55,1177,792
30,lzj,7,56,1120,788
30,lzj,7,57,884,633
30,lzj,7,58,1016,651
30,lzj,7,59,978,455
30,lzj,7,60,1016,589
30,lzj,7,61,1079,457
30,lzj,7,62,1116,354
30,lzj,7,63,1211,351
30,lzj,7,64,1305,319
30,lzj,7,65,1055,340
30,lzj,7,66,752,216
30,lzj,7,67,1172,221
30,lzj,7,68,434,205
30,lzj,7,69,128,100
30,lzj,7,70,29,99
30,lzj,7,71,1,11
30,lzj,7,72,0,0
30,lzj,1,15,0,1
30,lzj,1,16,9,0
30,lzj,1,17,78,1
30,lzj,1,18,100,8
30,lzj,1,19,132,124
30,lzj,1,20,135,303
30,lzj,1,21,229,377
30,lzj,1,22,279,750
30,lzj,1,23,283,1622
30,lzj,1,24,463,3426
30,lzj,1,25,535,7627
30,lzj,1,26,552,8851
30,lzj,1,27,506,11124
30,lzj,1,28,523,5604
30,lzj,1,29,542,3562
30,lzj,1,30,443,2146
30,lzj,1,31,406,1233
30,lzj,1,32,478,900
30,lzj,1,33,490,870
30,lzj,1,34,546,750
30,lzj,1,35,624,778
30,lzj,1,36,673,711
30,lzj,1,37,681,698
30,lzj,1,38,684,800
30,lzj,1,39,659,857
30,lzj,1,40,666,1018
30,lzj,1,41,710,949
30,lzj,1,42,734,1065
30,lzj,1,43,792,789
30,lzj,1,44,786,737
30,lzj,1,45,790,686
30,lzj,1,46,840,707
30,lzj,1,47,812,728
30,lzj,1,48,907,548
30,lzj,1,49,1077,751
30,lzj,1,50,1112,387
30,lzj,1,51,1409,888
30,lzj,1,52,3119,696
30,lzj,1,53,3752,921
30,lzj,1,54,6439,1001
30,lzj,1,55,6331,1075
30,lzj,1,56,6077,1048
30,lzj,1,57,4208,1011
30,lzj,1,58,3242,728
30,lzj,1,59,2313,480
30,lzj,1,60,1732,427
30,lzj,1,61,1600,308
30,lzj,1,62,1401,321
30,lzj,1,63,1435,248
30,lzj,1,64,1365,228
30,lzj,1,65,1269,242
30,lzj,1,66,1093,159
30,lzj,1,67,1342,184
30,lzj,1,68,453,163
30,lzj,1,69,190,128
30,lzj,1,70,39,74
30,lzj,1,71,0,8
30,lzj,1,72,0,0
30,lzj,2,15,0,1
30,lzj,2,16,7,0
30,lzj,2,17,70,2
30,lzj,2,18,102,7
30,lzj,2,19,123,115
30,lzj,2,20,129,316
30,lzj,2,21,157,340
30,lzj,2,22,273,780
30,lzj,2,23,309,1398
30,lzj,2,24,427,3527
30,lzj,2,25,593,7506
30,lzj,2,26,651,9528
30,lzj,2,27,504,9203
30,lzj,2,28,561,5912
30,lzj,2,29,439,3254
30,lzj,2,30,461,2236
30,lzj,2,31,461,1172
30,lzj,2,32,454,1238
30,lzj,2,33,560,922
30,lzj,2,34,636,900
30,lzj,2,35,728,842
30,lzj,2,36,897,810
30,lzj,2,37,773,648
30,lzj,2,38,743,899
30,lzj,2,39,723,875
30,lzj,2,40,772,875
30,lzj,2,41,782,1298
30,lzj,2,42,811,1040
30,lzj,2,43,852,924
30,lzj,2,44,871,692
30,lzj,2,45,820,785
30,lzj,2,46,880,621
30,lzj,2,47,907,853
30,lzj,2,48,950,670
30,lzj,2,49,1197,754
30,lzj,2,50,1173,748
30,lzj,2,51,1573,694
30,lzj,2,52,3192,765
30,lzj,2,53,3881,1014
30,lzj,2,54,6216,1164
30,lzj,2,55,6234,1144
30,lzj,2,56,5699,1213
30,lzj,2,57,4009,1007
30,lzj,2,58,3090,773
30,lzj,2,59,2113,485
30,lzj,2,60,1816,451
30,lzj,2,61,1678,350
30,lzj,2,62,1601,336
30,lzj,2,63,1358,276
30,lzj,2,64,1436,251
30,lzj,2,65,1368,238
30,lzj,2,66,1221,241
30,lzj,2,67,1425,255
30,lzj,2,68,486,179
30,lzj,2,69,246,119
30,lzj,2,70,53,58
30,lzj,2,71,0,4
30,lzj,2,72,0,0
30,lzj,3,15,0,0
30,lzj,3,16,19,0
30,lzj,3,17,52,5
30,lzj,3,18,95,6
30,lzj,3,19,125,132
30,lzj,3,20,130,284
30,lzj,3,21,187,350
30,lzj,3,22,227,729
30,lzj,3,23,349,1344
30,lzj,3,24,419,3276
30,lzj,3,25,620,7563
30,lzj,3,26,584,8883
30,lzj,3,27,392,9996
30,lzj,3,28,541,5220
30,lzj,3,29,463,3542
30,lzj,3,30,400,2064
30,lzj,3,31,543,1338
30,lzj,3,32,495,1069
30,lzj,3,33,634,932
30,lzj,3,34,586,914
30,lzj,3,35,670,888
30,lzj,3,36,813,876
30,lzj,3,37,812,770
30,lzj,3,38,787,970
30,lzj,3,39,723,978
30,lzj,3,40,802,1012
30,lzj,3,41,819,966
30,lzj,3,42,817,1135
30,lzj,3,43,894,864
30,lzj,3,44,852,920
30,lzj,3,45,862,854
30,lzj,3,46,945,755
30,lzj,3,47,958,720
30,lzj,3,48,958,716
30,lzj,3,49,1212,670
30,lzj,3,50,1291,722
30,lzj,3,51,1585,744
30,lzj,3,52,3157,721
30,lzj,3,53,3718,1027
30,lzj,3,54,6295,1019
30,lzj,3,55,6060,1215
30,lzj,3,56,5644,1151
30,lzj,3,57,3954,1034
30,lzj,3,58,2783,774
30,lzj,3,59,2035,545
30,lzj,3,60,1751,437
30,lzj,3,61,1749,387
30,lzj,3,62,1567,287
30,lzj,3,63,1559,324
30,lzj,3,64,1503,226
30,lzj,3,65,1369,310
30,lzj,3,66,1155,222
30,lzj,3,67,1536,211
30,lzj,3,68,589,205
30,lzj,3,69,227,90
30,lzj,3,70,41,74
30,lzj,3,71,4,16
30,lzj,3,72,0,0
30,lzj,4,15,0,0
30,lzj,4,16,26,0
30,lzj,4,17,51,2
30,lzj,4,18,95,4
30,lzj,4,19,137,124
30,lzj,4,20,120,296
30,lzj,4,21,156,324
30,lzj,4,22,262,773
30,lzj,4,23,315,1525
30,lzj,4,24,373,3003
30,lzj,4,25,581,7714
30,lzj,4,26,523,9073
30,lzj,4,27,495,8356
30,lzj,4,28,435,5125
30,lzj,4,29,550,3189
30,lzj,4,30,431,2178
30,lzj,4,31,419,1341
30,lzj,4,32,578,1094
30,lzj,4,33,601,975
30,lzj,4,34,618,886
30,lzj,4,35,814,946
30,lzj,4,36,903,877
30,lzj,4,37,1011,864
30,lzj,4,38,856,815
30,lzj,4,39,792,1065
30,lzj,4,40,860,1029
30,lzj,4,41,941,1118
30,lzj,4,42,956,970
30,lzj,4,43,1060,945
30,lzj,4,44,1014,922
30,lzj,4,45,1016,859
30,lzj,4,46,1191,784
30,lzj,4,47,1330,816
30,lzj,4,48,1332,861
30,lzj,4,49,1750,877
30,lzj,4,50,1799,942
30,lzj,4,51,1847,1021
30,lzj,4,52,3347,1013
30,lzj,4,53,4035,1330
30,lzj,4,54,6028,1505
30,lzj,4,55,5815,1497
30,lzj,4,56,5193,1557
30,lzj,4,57,3583,1556
30,lzj,4,58,2686,1149
30,lzj,4,59,2107,874
30,lzj,4,60,1749,668
30,lzj,4,61,1721,592
30,lzj,4,62,1646,440
30,lzj,4,63,1666,447
30,lzj,4,64,1858,425
30,lzj,4,65,1943,403
30,lzj,4,66,1713,317
30,lzj,4,67,1962,344
30,lzj,4,68,871,264
30,lzj,4,69,436,180
30,lzj,4,70,67,90
30,lzj,4,71,1,23
30,lzj,4,72,0,0
